show_id,title,release_year,runtime,budget,vote_count,vote_average
s1,Duck the Halls: A Mickey Mouse Christmas Special,2016,22,0,3,8.3
s2,Ernest Saves Christmas,1988,95,6000000,134,5.3
s3,Ice Age: A Mammoth Christmas,2011,26,0,526,6.4
s4,The Queen Family Singalong,2021,41,0,0,0.0
s6,Becoming Cousteau,2021,94,0,12,7.1
s10,A Muppets Christmas: Letters To Santa,2008,55,5000000,38,6.1
s11,Adventure Thru the Walt Disney Archives,2020,60,0,1,6.0
s12,Puppy for Hanukkah,2020,0,0,0,0.0
s13,The Pixar Story,2007,87,0,188,7.6
s15,America the Beautiful,2021,105,0,7,6.2
s17,Ciao Alberto,2021,7,45223,498,7.5
s20,Enchanted,2007,107,85000000,4630,6.8
s21,Feast,2014,95,3200000,408,6.2
s22,Frozen Fever,2015,8,0,1626,6.8
s23,Get a Horse!,2013,6,0,201,7.6
s24,Home Sweet Home Alone,2021,93,0,426,5.1
s25,Jungle Cruise,2021,127,200000000,4416,7.5
s27,Marvel Studios’ 2021 Disney+ Day Special,2021,14,0,16,7.1
s30,Paperman,2012,7,0,1504,8.0
s31,Pixar 2021 Disney+ Day Special,2021,4,0,9,5.4
s32,Shang-Chi and The Legend of The Ten Rings,2021,132,150000000,6774,7.7
s33,Spin,2021,93,0,38,6.7
s34,Tangled Ever After,2012,6,0,890,7.1
s35,The Ballad of Nessie,2011,6,0,88,6.8
s36,The Little Matchgirl,2006,7,0,136,7.5
s37,The Making of Happier Than Ever: A Love Letter to Los Angeles,2021,30,0,2,7.5
s39,The Simpsons in Plusaversary,2021,4,0,305,6.6
s40,Tick Tock Tale,2010,7,0,76,7.7
s41,Under the Helmet: The Legacy of Boba Fett,2021,21,0,23,7.0
s42,Willow,2021,126,35000000,1432,7.0
s43,Alvin and the Chipmunks: Chipwrecked,2011,87,75000000,1813,5.7
s44,Jingle All The Way,1996,89,60000000,2090,6.0
s45,Jingle All the Way 2,2014,93,10000000,73,5.7
s46,Prep & Landing: Operation Secret Santa,2010,7,0,75,6.7
s47,Santa Buddies: The Legend of Santa Paws,2009,88,0,178,5.9
s48,Snow Buddies,2008,87,4000000,217,6.1
s49,Space Buddies,2009,84,0,156,5.8
s50,The Search for Santa Paws,2010,89,0,170,6.3
s51,X-Men: First Class,2011,132,160000000,11149,7.3
s55,Bob Ballard: An Explorer's Life,2021,44,0,0,0.0
s56,"McFarland, USA",2015,128,0,619,7.4
s57,Rookie of the Year,1993,103,31000000,260,6.1
s58,Thumbelina,1994,87,28000000,403,6.5
s61,Lost Cities with Albert Lin: The Great Flood,2021,45,0,0,0.0
s62,Megacity of the Maya Warriors,2021,45,0,0,0.0
s69,Just Roll With It: You Decide Live!,2019,51,0,0,0.0
s70,Mickey's Tale of Two Witches,2021,46,0,95,7.0
s71,Muppets Haunted Mansion,2021,52,0,131,6.6
s72,The Most Magical Story on Earth: 50 Years of Walt Disney World,2021,84,0,2,9.0
s73,Under Wraps,2021,91,0,57,6.8
s75,Black Widow,2021,134,200000000,7811,7.4
s77,Drain The Oceans: The Mississippi River & Arctic War,2021,45,0,0,0.0
s78,Fauci,2021,104,0,16,3.3
s81,Alvin and the Chipmunks,2007,92,60000000,3755,5.8
s82,Alvin and the Chipmunks: The Road Chip,2015,92,90000000,1384,6.0
s83,LEGO Star Wars Terrifying Tales,2021,45,0,188,6.9
s84,Maleficent,2014,97,180000000,11698,7.1
s85,The Scariest Story Ever: A Mickey Mouse Halloween Spooktacular,2017,22,0,8,7.6
s94,A Spark Story,2021,87,0,3,7.7
s95,Spooky Buddies,2011,88,0,120,6.2
s96,The Fault in Our Stars,2014,126,12000000,10032,7.6
s100,Confessions of a Shopaholic,2009,104,40000000,2307,6.4
s101,Descendants: Royal Wedding,2021,22,0,116,7.0
s102,Disney's Broadway Hits at London's Royal Albert Hall,2016,155,0,4,7.8
s103,Flooded Tombs of the Nile,2021,44,0,3,7.0
s104,Jade Eyed Leopard,2020,45,0,0,0.0
s105,Nona,2021,7,0,39,6.4
s106,Smoky Mountain Park Rangers,2021,42,0,0,0.0
s110,Far Away From Raven’s Home,2021,11,0,1,10.0
s111,Pirates of the Caribbean: On Stranger Tides,2011,137,380000000,12098,6.5
s112,Twenty Something,2021,7,0,43,7.4
s117,Happier Than Ever: A Love Letter to Los Angeles,2021,65,0,92,8.1
s118,X-Men: Dark Phoenix,2019,114,200000000,5325,6.0
s121,Cruella,2021,134,200000000,7239,8.2
s122,Dan in Real Life,2007,98,25000000,970,6.5
s123,Disney Princess Remixed - An Ultimate Princess Celebration,2021,22,0,10,5.2
s124,Marvel One-Shot: All Hail the King,2014,14,0,370,6.8
s125,Underdog,2007,81,25000000,572,5.4
s129,Eragon,2006,104,100000000,2809,5.1
s131,Fantastic Four,2005,100,120000000,5219,4.4
s132,X-Men,2000,104,75000000,9683,7.0
s138,Beverly Hills Chihuahua 2,2011,84,12000000,313,5.8
s139,Beverly Hills Chihuahua 3: Viva La Fiesta!,2012,89,0,210,6.2
s140,Killer Shark vs Killer Whale,2021,44,0,1,4.0
s141,Mrs. Doubtfire,1993,125,25000000,5131,7.2
s144,Built for Mars: The Perseverance Rover,2021,88,0,3,6.3
s145,Garfield,2004,80,50000000,3226,5.6
s152,Ice Age: The Meltdown,2006,91,80000000,8382,6.7
s153,Playing with Sharks,2021,95,0,7,8.4
s154,Shark vs. Surfer,2020,44,0,1,5.0
s155,Shark vs. Whale,2020,44,0,1,8.0
s156,Stuntman,2021,84,0,14,6.5
s157,Walking with Dinosaurs: The Movie,2013,87,80000000,388,6.1
s158,What the Shark?,2020,44,0,0,0.0
s164,Most Wanted Sharks,2020,44,0,0,0.0
s165,Secrets of the Bull Shark,2020,44,0,1,0.0
s167,Shark Attack Investigation: The Paige Winter Story,2021,44,0,0,0.0
s168,Sharkcano,2020,45,0,0,0.0
s169,We Bought a Zoo,2011,124,50000000,2274,6.8
s170,World's Biggest Bullshark,2021,44,0,3,7.3
s171,World's Most Dangerous Shark?,2021,44,0,0,0.0
s173,Flicka,2006,95,15000000,245,6.9
s174,"Miraculous World: Shanghai, The Legend of Ladydragon",2021,52,0,453,7.9
s175,Orca vs. Great White,2021,0,0,5,7.0
s176,Rogue Shark?,2021,0,0,0,0.0
s177,Shark Beach with Chris Hemsworth,2021,44,0,6,6.9
s178,Shark Gangs,2021,44,0,1,8.0
s184,"The Good, The Bart, and The Loki",2021,6,0,539,7.5
s186,The Sandlot,1993,101,0,908,7.5
s187,The Sandlot 2,2005,97,0,135,5.9
s188,Adventures in Babysitting,1987,95,9000000,324,7.3
s191,Wolfgang,2021,78,0,6,8.2
s195,Luca,2021,95,200000000,6451,7.9
s198,Strange Magic,2015,99,0,362,7.1
s199,The Happiest Millionaire,1967,172,0,23,6.7
s200,The Pacifier,2005,95,56000000,2591,6.1
s205,Raya and the Last Dragon,2021,107,100000000,5424,8.0
s206,Red Tails,2012,125,58000000,504,6.5
s207,Us Again,2021,7,0,238,8.0
s208,American Eid,2021,21,0,10,7.0
s210,Dinner Is Served,2021,21,0,9,5.9
s212,Growing Fangs,2021,19,0,12,6.6
s214,Let's Be Tigers,2021,15,0,10,6.9
s215,The Last of the Chupacabras,2021,14,0,18,6.1
s216,The Little Prince(ss),2021,19,0,115,7.2
s221,Tinker Bell and the Legend of the NeverBeast,2014,77,0,787,7.1
s226,X-Men: The Last Stand,2006,104,210000000,8280,6.4
s228,Fantastic Four: Rise of the Silver Surfer,2007,92,130000000,6825,5.6
s230,Wild Hearts Can't Be Broken,1991,88,0,77,7.5
s231,"Maggie Simpson in ""The Force Awakens from its Nap""",2021,3,0,133,6.9
s232,Star Wars Biomes,2021,18,0,30,6.4
s236,22 vs. Earth,2021,9,0,296,7.1
s240,Oklahoma!,1956,148,0,120,6.7
s241,Baby's Day Out,1994,99,50000000,1046,6.3
s242,Being the Queen,2020,45,0,1,7.0
s248,Rio,2011,96,90000000,5604,6.7
s249,The Kid Who Would Be King,2019,120,59000000,596,6.1
s250,Treasure Buddies,2012,93,0,90,6.2
s251,White Fang 2: Myth of the White Wolf,1994,106,0,94,6.6
s252,Cesar Millan: The Real Story,2012,45,0,3,8.3
s255,Man of the House,1995,100,40000000,382,5.7
s256,Mark Twain and Me,1991,93,0,4,7.5
s257,Squanto: A Warrior's Tale,1994,102,0,31,6.4
s258,Caravan of Courage: An Ewok Adventure,1984,96,3000000,248,6.0
s259,Ewoks: The Battle for Endor,1985,100,0,190,5.3
s261,Island at the Top of the World,1974,93,0,56,6.4
s263,Night at the Museum,2006,108,110000000,8726,6.6
s265,Sharks Of The Bermuda Triangle,2020,44,0,1,8.5
s267,Star Wars Vintage: Story of the Faithful Wookiee,2021,9,0,5,8.8
s269,The Big Year,2011,100,41000000,635,5.9
s270,The Last Ice,2020,83,500000,3,8.2
s271,Third Man on the Mountain,1959,105,0,16,6.8
s273,Gnomeo & Juliet,2011,84,36000000,1667,5.8
s277,Disney My Music Story: Perfume,2019,71,0,1,8.0
s280,Doc McStuffins: The Doc Is In,2020,24,0,0,0.0
s282,Miss Peregrine's Home for Peculiar Children,2016,127,110000000,8762,6.8
s283,Own the Room,2021,91,0,7,6.4
s284,Garfield: A Tail of Two Kitties,2006,82,60000000,1773,5.5
s291,Myth: A Frozen Tale,2021,11,0,13,7.0
s292,Okavango: River of Dreams,2020,0,0,1,7.0
s295,Shanghai Disney Resort Grand Opening Gala,2016,25,0,1,5.0
s296,Cheaper By the Dozen,2003,107,0,151,6.5
s297,Cheaper by the Dozen 2,2005,94,60000000,1731,6.1
s298,Flora & Ulysses,2021,91,0,188,6.6
s299,The Book of Life,2014,95,50000000,2206,7.5
s302,Marvel's Behind the Mask,2021,64,0,32,7.2
s303,Rodgers & Hammerstein's Cinderella,1997,88,0,142,6.4
s304,You Again,2010,105,20000000,1092,6.3
s305,Disney My Music Story: Yoshiki,2019,47,0,0,0.0
s306,Expedition Everest,2020,45,0,7,6.6
s307,Upside-Down Magic,2020,96,0,199,7.3
s310,Texas Storm Squad,2020,44,0,0,0.0
s312,Wild Uganda,2018,45,0,1,0.0
s314,Isle of Dogs,2018,101,62770198,3927,7.9
s315,Mary Poppins Returns,2018,131,130000000,2870,6.5
s318,Ferdinand,2017,108,111000000,2402,7.3
s320,Toy Story: That Time Forgot,2014,22,0,814,7.0
s321,700 Sharks,2018,92,0,11,6.8
s322,Big Sharks Rule,2018,44,0,0,0.0
s323,Dr. Seuss' Horton Hears a Who!,2008,60,0,15,7.1
s324,Great Shark Chow Down,2019,0,0,0,0.0
s325,Mega Hammerhead,2016,60,0,2,7.0
s326,Burrow,2020,6,0,185,7.5
s329,Max Keeble's Big Move,2001,86,25000000,122,5.7
s330,Soul,2020,101,150000000,8172,8.2
s331,Arendelle Castle Yule Log,2020,180,0,5,3.8
s332,Buried Truth of the Maya,2020,47,0,3,5.5
s334,Dory's Reef Cam,2020,182,0,125,6.1
s335,Into the Woods,2014,125,50000000,3861,5.8
s336,"Miraculous World: New York, United Heroez",2020,55,0,907,8.2
s339,Disney Channel's Epic Holiday Showdown,2020,0,0,1,2.0
s340,Disney Holiday Magic Quest,2020,0,0,0,0.0
s341,Gender Revolution: A Journey With Katie Couric,2017,90,0,14,6.5
s342,High School Musical: The Musical: The Holiday Special,2020,45,0,39,7.4
s343,Ralph Breaks the Internet,2018,112,175000000,6314,7.2
s344,Safety,2020,122,0,139,7.6
s345,Anastasia,1997,94,53000000,4637,7.6
s346,Godmothered,2020,113,0,495,6.9
s347,Man vs. Shark,2019,44,0,1,8.0
s348,Mulan,2020,88,90000000,8121,7.9
s349,Sky High,2005,100,35000000,1946,6.2
s350,The Disney Holiday Singalong,2020,45,0,6,8.0
s351,The Nutcracker and the Four Realms,2018,99,120000000,1858,6.1
s352,"Alexander and the Terrible, Horrible, No Good, Very Bad Day",2014,81,28000000,1151,6.2
s353,Black Beauty,2020,108,0,268,8.3
s354,From Our Family to Yours,2020,3,0,3,8.0
s357,Folklore: the long pond studio sessions,2020,106,0,91,8.6
s360,Planes,2013,91,50000000,1374,5.9
s361,Planes: Fire & Rescue,2014,83,50000000,679,6.2
s362,The Real Right Stuff,2020,90,0,12,6.3
s364,LEGO Star Wars Holiday Special,2020,44,0,240,6.7
s365,Home Alone,1990,103,18000000,9059,7.4
s366,Home Alone 2: Lost in New York,1992,120,18000000,7802,6.7
s367,Home Alone 3,1997,102,32000000,2474,5.3
s369,Petra: Secrets of the Ancient Builders,2019,44,0,3,8.3
s370,Ultimate Viking Sword,2019,44,0,0,0.0
s371,Disney's A Christmas Carol,2009,94,200000000,3808,6.9
s374,Mr. Magoo,1997,84,30000000,301,4.4
s375,Prep & Landing,2009,22,0,102,6.9
s376,Prep & Landing: Naughty vs. Nice,2011,22,0,51,6.8
s377,Disney Channel Halloween House Party,2020,23,0,2,8.5
s379,The Sorcerer's Apprentice,2010,109,150000000,4288,6.1
s384,Once Upon a Snowman,2020,7,0,434,6.9
s385,Pompeii: Secrets Of The Dead,2019,0,0,38,6.8
s386,Toy Story of Terror!,2013,22,0,739,7.2
s387,Beverly Hills Chihuahua,2008,91,20000000,869,5.3
s388,Clouds,2020,121,0,849,8.3
s389,Lost on Everest,2020,60,0,37,8.1
s390,Marvel's Iron Man & Captain America: Heroes United,2014,71,0,110,6.3
s393,Oil Spill of The Century,2019,44,0,3,6.3
s394,The Chronicles Of Narnia: The Voyage of the Dawn Treader,2010,113,155000000,4753,6.4
s396,Wild Portugal,2020,44,0,1,10.0
s397,X2,2003,133,110000000,8681,7.0
s398,Mr. Holland's Opus,1996,137,31000000,313,7.0
s399,Disneynature Oceans,2010,84,0,266,7.3
s400,Hidden Figures,2016,127,25000000,7916,8.1
s402,Secret Society of Second-Born Royals,2020,97,0,442,6.8
s403,The Giant Robber Crab,2019,44,0,3,6.7
s409,Ever After: A Cinderella Story,1998,121,26000000,1204,7.4
s411,Morning Light,2008,97,0,1,6.0
s412,Notre Dame: Race Against The Inferno,2019,44,0,6,6.3
s416,Christopher Robin,2018,104,75000000,2315,7.3
s417,D2: The Mighty Ducks,1994,106,0,474,6.2
s418,D3: The Mighty Ducks,1996,104,0,354,6.0
s420,Trick or Treat,1952,97,0,122,6.1
s421,Alice Through the Looking Glass,2016,113,170000000,5583,6.6
s422,Phineas and Ferb The Movie: Candace Against the Universe,2020,84,0,302,7.4
s423,Back to the Titanic,2020,45,0,5,7.0
s424,Beauty and the Beast,2017,84,25000000,8489,7.7
s425,Mars: One Day on the Red Planet,2020,88,0,10,6.0
s426,The One and Only Ivan,2020,93,0,470,7.5
s429,Disney Zombies 2,2020,84,0,316,7.8
s430,India's Wild Leopards,2020,44,0,0,0.0
s432,Magic Camp,2020,100,24000000,172,7.0
s433,Marvel Studios' Ant-Man and the Wasp,2018,119,140000000,11262,7.0
s438,The Greatest Showman,2017,105,84000000,8179,7.9
s441,Howard,2020,93,0,29,6.9
s442,Prince of Persia: The Sands of Time,2010,116,200000000,5881,6.2
s443,Star Wars: Galaxy's Edge-Adventure Awaits,2019,81,0,5,6.6
s444,The Hidden Kingdoms of China,2020,88,0,0,0.0
s445,The Peanuts Movie,2015,88,99000000,1344,6.8
s449,Big Cat Games,2015,44,0,0,0.0
s450,Black Is King,2020,85,0,109,7.5
s451,Cradle of the Gods,2012,0,0,4,7.9
s454,Hunt for the Abominable Snowman,2011,45,0,0,0.0
s455,Incredibles 2,2018,118,200000000,11070,7.5
s457,Lost Temple of the Inca,2020,0,0,5,6.4
s460,Surviving the Mount St. Helens Disaster,2020,45,0,1,7.0
s462,Pirates of the Caribbean: Dead Men Tell No Tales,2017,129,230000000,10301,6.6
s467,A Pre-Opening Report from Disneyland,1955,55,0,1,10.0
s468,Diary of a Wimpy Kid: The Long Haul,2017,91,22000000,360,5.3
s470,Lost City of Machu Picchu,2019,44,0,3,7.0
s472,The Mouseketeers at Walt Disney World,1977,0,0,2,8.0
s474,X-Men: Apocalypse,2016,144,178000000,11378,6.5
s476,Hamilton: History Has Its Eyes on You,2020,46,0,3,7.7
s477,Solo: A Star Wars Story,2018,135,250000000,7154,6.6
s478,X-Men: Days of Future Past,2014,132,250000000,13492,7.5
s479,The Undefeated Presents: Hamilton In-Depth,2020,33,0,2,7.0
s481,Diary of a Wimpy Kid: Rodrick Rules,2011,99,21000000,889,6.6
s482,Hamilton,2020,160,0,981,8.3
s483,Ice Age: Collision Course,2016,95,105000000,3799,6.1
s484,Race to Witch Mountain,2009,98,50000000,1435,5.8
s485,The Big Green,1995,100,0,149,5.6
s486,The Mighty Ducks,1992,101,10000000,682,6.6
s487,While You Were Sleeping,1995,103,17000000,1369,6.9
s490,Man in Space,1955,49,0,11,6.6
s491,Mars and Beyond,1957,55,0,0,0.0
s492,Marvel Studios' Avengers: Infinity War,2018,149,300000000,24903,8.3
s493,Tarzan,1999,88,130000000,5670,7.4
s494,Tarzan II,2005,72,0,936,6.1
s496,Big Sur: Wild California,2010,47,0,5,5.6
s498,Egypt's Treasure Guardians,2016,0,0,1,6.0
s499,The Jungle Book,2016,78,4000000,5331,7.3
s500,The Pirate Fairy,2014,78,0,806,6.8
s501,Trail Mix-Up,1993,8,0,38,6.9
s502,Tummy Trouble,1989,7,0,53,6.7
s503,Artemis Fowl,2020,94,125000000,1383,5.7
s505,The Liberty Story,1957,48,0,2,9.0
s506,The Story of the Animated Drawing,1955,49,0,1,10.0
s507,Walt & El Grupo,2009,106,0,15,5.9
s509,America's Greatest Animals,2012,96,0,0,0.0
s510,Chasing the Equinox,2019,45,0,3,7.0
s513,Percy Jackson & The Olympians: The Lightning Thief,2010,118,95000000,6416,6.2
s517,Women Of Impact: Changing The World,2019,0,0,1,9.5
s518,"Maggie Simpson in ""The Longest Daycare""",2012,5,0,298,6.9
s519,Mickey and the Seal,1948,7,0,34,6.9
s521,The Moon-Spinners,1964,118,0,35,6.0
s523,Fantastic Mr. Fox,2009,87,40000000,4135,7.8
s524,"Hello, Dolly!",1969,146,24000000,254,7.0
s526,Out,2020,9,0,131,7.5
s528,The Boys: The Sherman Brothers' Story,2009,101,0,27,7.4
s530,Maleficent: Mistress of Evil,2019,119,185000000,5098,7.3
s531,Star Wars: The Rise of Skywalker (Episode IX),2019,142,250000000,7910,6.4
s532,John Carter,2012,132,250000000,4774,6.2
s535,Bride of Boogedy,1987,90,0,9,6.9
s538,George of the Jungle,1997,93,55000000,1696,5.6
s539,Homeward Bound II: Lost in San Francisco,1996,89,0,377,6.5
s540,Homeward Bound: The Incredible Journey,1993,84,0,819,6.9
s541,How to Play Baseball,1942,8,0,41,6.7
s542,In Beaver Valley,1950,32,0,8,7.0
s545,Nature's Half Acre,1951,33,0,6,7.2
s547,Prowlers of the Everglades,1953,32,0,2,8.5
s548,The Princess Bride,1987,99,16000000,3757,7.7
s551,Water Birds,1952,30,0,10,6.5
s552,National Treasure,2004,131,100000000,5303,6.6
s553,Born Wild: The Next Generation,2020,60,0,1,8.0
s555,The Olympic Elk,1952,27,0,5,8.5
s557,Jane Goodall: The Hope,2020,88,0,2,9.0
s560,Let's Stick Together,1952,7,0,24,6.5
s561,Pluto's Purchase,1948,7,0,17,6.8
s563,A Celebration of the Music from Coco,2020,47,0,13,7.3
s565,"Maggie Simpson in ""Playdate with Destiny""",2020,4,0,301,7.5
s568,A Tale of Two Critters,1977,48,0,8,5.6
s569,All in a Nutshell,1949,7,0,42,6.7
s570,Disneynature Penguins,2019,76,0,29,7.1
s571,Diving with Dolphins,2020,79,0,11,7.8
s572,Dolphin Reef,2018,76,0,67,6.9
s573,Don's Fountain of Youth,1953,6,0,33,6.7
s574,Donald's Dog Laundry,1940,8,0,39,6.2
s575,Double Dribble,1946,7,0,33,6.4
s576,Dragon Around,1954,7,0,27,7.0
s577,Elephant,2020,81,3000000,1483,7.1
s578,Elmer Elephant,1936,8,0,37,5.9
s580,How To Play Football,1944,7,0,41,6.7
s581,In the Footsteps of Elephant,2020,88,0,3,8.0
s582,"Lambert, The Sheepish Lion",1952,8,0,72,7.0
s583,On Ice,1935,8,0,57,6.6
s584,Onward,2020,103,200000000,5079,7.8
s585,Out of Scale,1951,7,0,24,7.4
s586,Penguins: Life on the Edge,2020,78,0,4,7.8
s587,Pluto's Party,1952,7,0,32,6.4
s588,Sea Scouts,1939,8,0,26,6.2
s590,The Boy Who Talked to Badgers,1975,100,0,3,6.0
s591,The New Neighbor,1953,7,0,29,6.5
s592,The Small One,1978,26,0,58,7.0
s593,The Straight Story,1999,112,10000000,1185,7.7
s594,Frankenweenie,2012,87,39000000,2718,6.9
s595,Mars Needs Moms,2011,88,150000000,550,6.0
s596,Prom,2011,104,8000000,400,6.1
s597,The Last Song,2010,107,20000000,3052,7.2
s598,The Odd Life of Timothy Green,2012,105,25000000,1019,7.0
s600,A Wrinkle in Time,2018,109,103000000,1608,5.1
s604,G-Force,2009,88,150000000,1530,5.4
s605,Frozen 2,2019,103,150000000,8280,7.3
s606,Stargirl,2020,107,0,486,7.5
s607,The Finest Hours,2016,117,80000000,1365,6.6
s608,The Sandlot: Heading Home,2007,96,0,55,5.9
s609,Bedtime Stories,2008,99,80000000,2424,6.1
s610,Marvel Studios' Black Panther,2018,134,200000000,19241,7.4
s612,Disney Phineas and Ferb: Phineas and Ferb Star Wars,2014,51,0,150,7.1
s614,Viking Warrior Women,2019,44,0,1,6.0
s617,Marvel Rising: Operation Shuri,2019,22,0,20,6.7
s618,Marvel Rising: Playing With Fire,2019,44,0,32,6.6
s620,Marvel's Iron Man & Hulk: Heroes United,2013,71,0,152,5.8
s621,Because of Winn-Dixie,2005,106,14000000,182,6.4
s623,"My Dog, the Thief",1969,88,0,9,6.1
s624,Splash,1984,111,8000000,1074,6.3
s626,Timmy Failure: Mistakes Were Made,2020,99,45000000,138,6.2
s627,Toy Story 4,2019,100,175000000,8124,7.6
s628,Descendants 3,2019,106,15000000,1236,7.8
s629,Around the World in 80 Days,2004,120,110000000,2057,5.9
s630,Big Business,1988,97,0,204,6.4
s631,Lamp Life,2020,7,0,235,7.3
s632,The Lion King,2019,89,45000000,15478,8.3
s641,Destino,2003,7,1500000,195,7.2
s642,Forky Asks a Question: What is Reading?,2020,4,0,30,6.1
s643,Loop,2020,10,0,126,6.8
s645,Aladdin (2019),2019,128,183000000,8663,7.1
s646,Forky Asks a Question: What is Cheese?,2020,3,0,41,6.7
s649,Cars Toon: El Materdor,2008,3,0,68,5.9
s650,Cars Toon: Moon Mater,2010,4,0,59,6.2
s651,Cars Toon: Rescue Squad Mater,2010,3,0,61,6.1
s652,Cars Toon: Spinning,2013,2,0,41,6.4
s653,Cars Toon: Time Travel Mater,2012,7,0,95,6.1
s654,Cars Toon: Tokyo Mater,2008,6,0,96,6.2
s655,Cars Toon: Unidentified Flying Mater,2010,4,0,82,6.3
s656,Cars Toons: Bugged,2013,2,0,37,6.0
s657,Cool Runnings,1993,98,14000000,1624,7.0
s658,Drain Alcatraz,2017,45,0,10,6.8
s659,Drain The Bermuda Triangle,2014,50,2000000,11,6.9
s660,Drain The Great Lakes,2011,60,0,2,6.5
s661,Drain The Ocean: WWII,2016,45,0,3,6.7
s662,Drain The Sunken Pirate City,2017,47,0,4,6.0
s663,Drain The Titanic,2015,46,0,16,7.2
s665,Hacksaw,1971,70,0,19,5.3
s666,Holes,2003,117,20000000,1086,6.8
s667,Marvel 75 Years: From Pulp to Pop!,2014,41,0,57,6.8
s668,Marvel Rising: Battle of The Bands,2019,22,0,35,7.0
s671,Super Rhino,2009,5,0,57,6.0
s675,Forky Asks a Question: What is a Pet?,2019,4,0,31,6.1
s676,Star Wars: The Last Jedi (Episode VIII),2017,152,200000000,13151,6.9
s677,Forky Asks a Question: What is a Leader?,2019,3,0,31,6.0
s678,George of the Jungle 2,2003,87,12000000,400,4.4
s679,High School Musical: The Musical: The Series: The Special,2019,23,0,19,8.6
s681,Togo,2019,113,0,1480,8.1
s682,Forky Asks a Question: What is a Computer?,2019,3,0,32,6.1
s683,Wind,2019,8,0,97,7.2
s684,Forky Asks a Question: What is Love?,2019,4,0,40,6.8
s685,One Day at Disney (Shorts),2019,59,0,15,6.9
s686,Marvel Studios' Thor: Ragnarok,2017,131,180000000,17864,7.6
s688,One Day at Disney,2019,59,0,15,6.9
s690,Expedition Amelia,2019,95,0,10,7.2
s691,Glory Road,2006,118,0,585,7.5
s693,Incredible! The Story of Dr. Pol,2015,44,0,4,6.0
s694,Marvel Rising: Chasing Ghosts,2019,22,0,35,7.2
s695,Marvel Rising: Heart of Iron,2019,44,0,47,7.3
s700,Coco,2017,105,175000000,15857,8.2
s701,Coco (in Spanish),2017,105,175000000,15868,8.2
s702,Forky Asks a Question: What is Time?,2019,3,0,37,6.4
s703,The Wonderful World of Disney Presents The Little Mermaid Live!,2019,90,0,31,6.9
s704,Forky Asks a Question: What is Art?,2019,4,0,46,6.2
s706,"Happy Birthday, Mickey!",2019,30,0,0,0.0
s707,Forky Asks a Question: What is a Friend?,2019,3,0,51,6.6
s708,10 Things I Hate About You,1999,97,16000000,6541,7.5
s709,101 Dalmatians,1961,103,54000000,2860,5.9
s710,101 Dalmatians II: Patch's London Adventure,2003,74,0,962,6.0
s711,102 Dalmatians,2000,100,85000000,1136,5.5
s712,12 Dates of Christmas,2011,89,0,203,6.1
s713,"20,000 Leagues Under the Sea",1954,127,5000000,649,7.1
s714,A Bug's Life,1998,95,120000000,7749,7.0
s715,A Goofy Movie,1995,78,18000000,1404,6.9
s716,A Kid in King Arthur's Court,1995,89,0,135,4.8
s717,A Knight for a Day,1946,7,0,31,6.4
s718,A Ring of Endless Light,2002,88,0,27,6.8
s719,Aladdin (1992),1992,90,28000000,9728,7.6
s720,Aladdin and the King of Thieves,1996,81,0,1590,6.3
s721,Aladdin: The Return of Jafar,1994,69,3500000,2612,6.1
s722,Alice in Wonderland,1951,108,200000000,12252,6.6
s723,Aliens of the Deep,2005,95,0,50,6.2
s724,Alley Cats Strike!,2000,87,0,41,5.9
s725,Almost Angels,1962,93,0,8,6.6
s726,America's Heart & Soul,2004,84,0,4,3.6
s727,Amy,1981,128,0,1021,7.6
s728,An Extremely Goofy Movie,2000,79,0,489,6.4
s730,Annie,1999,119,65000000,1128,6.2
s731,Apollo: Missions To The Moon,2019,94,0,28,7.4
s732,Atlantis Rising,2017,93,0,25,5.9
s733,Atlantis: Milo's Return,2003,70,0,2563,6.2
s734,Atlantis: The Lost Empire,2001,95,120000000,3937,6.9
s735,Auntie Edna,2018,5,0,150,7.1
s736,Avatar,2009,162,237000000,25655,7.5
s737,Babes in the Woods,1932,8,16855,39,6.0
s738,Babes in Toyland,1961,140,0,67,5.7
s739,Bambi,1942,70,858000,4761,7.0
s740,Bambi II,2006,72,0,809,6.5
s741,Bao,2018,8,0,942,7.6
s742,Beach Picnic,1939,8,0,46,6.3
s743,Bearly Asleep,1955,7,0,39,6.6
s744,Beauty and the Beast: Belle's Magical World,1998,92,0,391,6.2
s745,Beauty and the Beast: The Enchanted Christmas,1997,72,0,824,6.2
s746,Beezy Bear,1955,7,0,26,6.6
s747,Before the Flood,2016,93,0,676,7.7
s748,Benji the Hunted,1987,88,0,123,6.6
s751,Big Hero 6,2014,102,165000000,13742,7.7
s753,Bizarre Dinosaurs,2009,48,0,4,6.5
s754,Blank Check,1994,93,13000000,362,5.8
s755,Boat Builders,1938,7,0,45,7.0
s756,Bolt,2008,98,150000000,5071,6.5
s757,Bone Bandit,1948,7,0,20,6.3
s759,Boundin',2004,5,0,442,6.6
s761,Brave,2012,93,185000000,11626,7.0
s762,Brave Little Toaster to the Rescue,1999,74,0,69,6.1
s763,Breaking2,2017,55,0,6,8.1
s764,Brink!,1998,99,0,85,6.2
s765,Brother Bear,2003,85,128000000,4574,7.2
s766,Brother Bear 2,2006,73,0,1228,6.7
s767,Buffalo Dreams,2005,90,0,22,5.2
s769,BURN-E,2008,8,0,587,7.6
s770,Cadet Kelly,2002,101,0,502,6.2
s771,Camp Nowhere,1994,96,0,116,5.8
s772,Camp Rock,2008,98,0,1871,6.4
s773,Camp Rock 2: The Final Jam,2010,104,0,1349,6.3
s774,Can of Worms,1999,90,0,28,4.4
s775,Candleshoe,1978,101,0,88,6.9
s776,Canine Caddy,1941,7,0,32,6.7
s777,Cars,2006,117,120000000,11733,6.9
s778,Cars 2,2011,106,200000000,6345,6.0
s779,Cars 3,2017,102,175000000,4590,6.8
s780,Cars Toon: Air Mater,2011,6,0,108,6.0
s781,Cars Toon: Heavy Metal Mater,2010,4,0,59,6.1
s782,Cars Toon: Hiccups,2013,3,0,35,6.5
s783,Cars Toon: Mater Private Eye,2010,5,0,60,6.3
s784,Cars Toon: Mater the Greater,2008,4,0,68,6.1
s785,Cars Toon: Monster Truck Mater,2010,5,0,62,6.2
s786,Cars Toon: The Radiator Springs 500 1/2,2014,6,0,56,6.3
s787,Casebusters,1986,47,0,4,6.0
s788,Cheetah,1989,83,5000000,32,6.1
s789,Chef Donald,1941,7,0,52,6.8
s790,Chicken Little,2005,81,150000000,3304,5.9
s791,Chip 'n Dale's Rescue Rangers,1989,99,0,630,7.1
s792,Chip an' Dale,1947,7,0,60,6.7
s793,Cinderella,1950,74,2900000,5704,7.0
s794,Cinderella II: Dreams Come True,2002,74,5000000,1191,6.1
s795,Cinderella III: A Twist in Time,2007,74,0,1046,6.5
s796,Clock Cleaners,1937,9,0,93,7.0
s797,Cloud 9,2014,90,0,456,6.8
s798,College Road Trip,2008,83,25000000,334,5.6
s799,Confessions of a Teenage Drama Queen,2004,89,15000000,758,5.6
s801,Corn Chips,1951,7,0,31,7.2
s802,Cow Belles,2006,90,5000000,212,5.4
s804,Dadnapped,2009,84,4500000,209,5.3
s805,Darby O'Gill and the Little People,1959,93,0,111,6.9
s807,Davy Crockett and the River Pirates,1956,81,0,46,6.6
s808,"Davy Crockett, King of the Wild Frontier",1955,93,0,74,6.6
s809,Day & Night,2010,6,0,742,7.8
s810,Decorating Disney: Holiday Magic,2017,58,0,8,7.6
s811,Deep Blue,2005,83,0,55,6.6
s812,Descendants 2,2017,111,0,1362,7.4
s813,Diary Of A Wimpy Kid,2010,58,0,241,6.5
s814,Dinosaur,2000,82,127500000,2048,6.5
s815,Disney Adventures in Babysitting,2016,95,9000000,324,7.3
s816,Disney Avalon High,2010,91,0,491,6.2
s817,Disney Bad Hair Day,2015,90,0,232,6.6
s819,Disney Den Brother,2010,89,0,111,6.0
s820,Disney Descendants,2015,112,0,1961,7.1
s826,Disney Girl vs. Monster,2012,89,0,236,6.4
s841,Disney Under The Sea: A Descendants Short Story,2018,10,0,69,7.6
s852,Disney's The Kid,2000,104,65000000,773,6.5
s854,Disneyland Around the Seasons (Walt Disney's Wonderful World of Color: 1961-69),1966,51,0,3,5.7
s855,Disneynature African Cats,2011,89,5000000,207,7.4
s856,Disneynature Bears,2014,78,0,131,7.4
s857,Disneynature Born in China,2017,76,0,140,7.3
s858,Disneynature Chimpanzee,2012,78,5000000,98,7.0
s859,Disneynature Crimson Wing,2008,78,0,38,7.2
s860,Disneynature Monkey Kingdom,2015,81,0,108,6.9
s861,Disneynature Wings of Life,2011,77,0,32,7.0
s863,Don't Look Under the Bed,1999,93,0,77,6.5
s864,Donald's Golf Game,1938,8,0,37,5.9
s865,Donald's Tire Trouble,1943,7,0,34,6.2
s866,Double Teamed,2002,92,0,69,6.1
s867,Doug's 1st Movie,1999,77,0,77,5.5
s869,DuckTales The Movie: Treasure of the Lost Lamp,1990,74,0,710,6.8
s870,Dug's Special Mission,2009,5,0,328,7.0
s871,Dumbo,2019,64,812000,4172,7.0
s872,Early to Bed,1941,8,0,47,6.7
s873,Earth Live,2017,120,0,6,4.3
s874,Easter Island Unsolved,2018,44,0,5,6.8
s875,Eddie's Million Dollar Cook-off,2003,85,0,59,5.9
s876,Eight Below,2006,120,40000000,1454,7.0
s878,Emil and the Detectives,1964,99,0,16,6.1
s879,Empire of Dreams: The Story of the Star Wars Trilogy,2004,151,0,143,7.7
s881,Escape to Witch Mountain,1975,97,0,160,6.4
s883,Expedition Mars: Spirit & Opportunity,2019,88,0,8,8.6
s884,Fantasia,1940,124,2280000,2508,7.4
s885,Fantasia 2000,2000,74,80000000,1046,7.0
s888,Ferdinand the Bull,1938,8,66260,121,6.6
s889,Finding Dory,2016,97,200000000,10677,7.0
s890,Finding Nemo,2003,100,94000000,16539,7.8
s891,First Kid,1996,101,0,156,5.8
s892,Flight of the Navigator,1986,90,9000000,648,6.9
s893,Float,2019,7,0,201,7.3
s894,Flowers and Trees,1932,8,15887,125,6.8
s895,Flubber,1997,93,80000000,1975,5.6
s896,Food for Feudin',1950,7,0,22,6.4
s897,For the Birds,2001,3,0,971,7.5
s898,Forky Asks a Question: What is Money?,2019,3,0,65,6.3
s899,Frank and Ollie,1995,89,0,21,7.5
s900,Frankenweenie (Short),1984,87,39000000,2718,6.9
s901,Freaky Friday,2003,97,26000000,3108,6.4
s902,Free Solo,2018,100,0,1012,7.9
s903,Frenemies,2012,86,0,382,5.9
s904,Frozen,2013,102,150000000,14363,7.3
s905,Full-Court Miracle,2003,90,0,39,5.5
s906,Fun and Fancy Free,1947,73,0,335,6.3
s907,Fuzzbucket,1986,46,0,7,5.2
s909,Geek Charming,2011,99,0,669,6.6
s910,Genius,1999,104,0,571,6.5
s911,George & A.J.,2009,4,0,102,5.9
s912,Geri's Game,1997,4,0,935,7.8
s913,Get a Clue,2002,83,0,182,5.4
s914,Giants of the Deep Blue,2018,0,0,8,6.6
s916,Go Figure,2005,88,0,115,5.9
s917,Going to the Mat,2004,96,0,33,6.8
s919,"Good Luck Charlie, It's Christmas!",2011,85,0,356,6.6
s921,Gotta Kick it Up,2002,78,0,33,6.7
s922,Grand Canyonscope,1954,7,0,24,6.5
s923,Grasshopper and the Ants,1934,8,22120,78,6.6
s925,Greyfriars Bobby,1961,104,0,12,5.1
s926,Gus,1976,87,0,39,5.3
s927,Halloweentown,1998,84,0,414,6.9
s928,Halloweentown High,2004,82,0,250,6.5
s929,Halloweentown II: Kalabar's Revenge,2001,81,0,261,6.9
s932,Hannah Montana and Miley Cyrus: Best of Both Worlds Concert,2008,82,7000000,71,6.0
s933,Hannah Montana The Movie,2009,102,35000000,1759,6.6
s934,Hatching Pete,2009,90,0,152,5.6
s935,Hawaiian Holiday,1937,8,0,57,6.4
s936,Heavyweights,1995,100,10000000,301,6.2
s937,Herbie Goes Bananas,1980,110,0,176,5.3
s938,Herbie Goes to Monte Carlo,1977,105,0,254,5.9
s939,Herbie Rides Again,1974,88,0,326,6.1
s940,Hercules,1997,93,85000000,6217,7.5
s941,High School Musical,2006,98,4200000,4035,6.6
s942,High School Musical 2,2007,111,0,3310,6.5
s943,High School Musical 3: Senior Year,2008,117,11000000,3106,6.6
s945,Hocus Pocus,1993,96,28000000,2151,7.0
s946,Home on the Range,2004,76,110000000,1674,6.0
s947,"Honey, I Blew Up the Kid",1992,89,40000000,948,5.2
s948,"Honey, I Shrunk the Kids",1989,93,18000000,2488,6.3
s949,"Honey, We Shrunk Ourselves",1997,74,7000000,543,5.5
s950,Horse Sense,1999,92,0,53,7.1
s952,Hounded,2001,91,0,26,5.2
s953,How Dogs Got Their Shapes,2016,44,0,3,7.0
s954,How to Build a Better Boy,2014,90,0,331,6.4
s955,How to Fish,1942,7,0,48,6.5
s956,How to Swim,1942,8,0,38,6.8
s958,I'll Be Home for Christmas,1998,86,30000000,246,5.7
s959,Ice Age: The Great Egg-Scapade,2016,25,0,393,6.4
s960,Ice Princess,2005,98,25000000,784,6.4
s961,Inner Workings,2016,7,0,234,8.0
s962,Inside Out,2015,95,175000000,17984,7.9
s963,Inspector Gadget,1999,78,75000000,985,4.4
s964,Inspector Gadget 2,2003,89,12000000,309,4.1
s965,Into the Grand Canyon,2019,84,0,14,7.7
s966,Into the Okavango,2018,94,0,21,7.2
s967,Invincible,2006,105,0,744,6.9
s968,Invisible Sister,2015,77,0,256,6.7
s971,Iron Will,1994,108,0,218,6.7
s972,Jack,1996,113,45000000,1032,6.3
s973,Jack-Jack Attack,2005,5,0,753,7.3
s974,James and the Giant Peach,1996,79,38000000,1065,6.5
s975,Jane,2017,90,0,102,7.6
s978,Johnny Kapahala: Back on Board,2007,90,0,82,6.0
s979,Johnny Tsunami,1999,88,0,111,5.9
s980,Jonas Brothers: The Concert Experience,2009,76,0,71,6.3
s981,Journey to Shark Eden,2010,60,0,3,7.8
s982,Journey to the Center of the Earth,1959,93,45000000,4093,6.0
s983,Jump In!,2007,85,0,319,6.2
s984,Jumping Ship,2001,92,0,38,6.5
s985,Jungle 2 Jungle,1997,97,32000000,390,5.3
s986,Jungle Cat,1960,69,0,10,8.2
s987,Kazaam,1996,93,20000000,215,4.2
s989,Kim Possible,2019,86,0,215,5.5
s990,Kim Possible Movie: So the Drama,2005,71,0,146,6.9
s991,Kingdom of the Apes: Battle Lines,2017,44,0,2,5.8
s992,Kingdom of the Blue Whale,2009,96,0,9,5.8
s994,Kitbull,2019,9,0,265,8.1
s995,Knick Knack Theatrical Short,2003,4,0,433,7.1
s996,Kronk's New Groove,2005,75,0,1039,6.4
s997,La Luna,2012,142,0,67,6.5
s999,Lady and the Tramp,2019,76,4000000,4468,7.1
s1000,Lava,2015,7,0,909,7.3
s1001,LEGO Disney Frozen: Northern Lights (Shorts),2016,22,0,70,6.8
s1013,Lemonade Mouth,2011,106,0,925,7.4
s1014,Lend a Paw,1941,8,0,64,6.8
s1015,Leroy & Stitch,2006,73,0,402,6.6
s1016,Let it Shine,2012,101,0,257,6.9
s1017,Life is Ruff,2005,84,0,44,5.5
s1018,Life With Mikey,1993,91,2000000,113,5.6
s1019,Life-Size 2,2018,81,0,43,6.0
s1020,Lifted,2006,5,0,609,7.5
s1021,Lilo & Stitch,2002,85,80000000,5050,7.5
s1022,Lilo & Stitch 2: Stitch Has a Glitch,2005,68,0,1156,6.6
s1024,Lonesome Ghosts,1937,9,0,101,6.6
s1026,Lou,2017,6,0,303,7.6
s1027,Luck of the Irish,2001,86,0,104,6.1
s1028,Luxo Jr.,1986,2,0,481,7.1
s1029,Magician Mickey,1937,8,0,38,6.6
s1030,Mail Dog,1947,7,0,13,6.0
s1031,Man Among Cheetahs,2017,44,0,3,7.0
s1032,Mars: Inside SpaceX,2018,46,0,36,7.6
s1035,Marvel Rising: Secret Warriors,2018,80,0,71,6.9
s1036,Marvel Studios: Assembling A Universe,2014,43,0,126,7.0
s1037,Marvel Studios: Expanding the Universe,2019,12,0,19,5.6
s1038,Marvel Studios' Ant-Man,2015,117,130000000,17234,7.1
s1039,Marvel Studios' Avengers: Age of Ultron,2015,141,365000000,20037,7.3
s1040,Marvel Studios' Avengers: Endgame,2019,181,356000000,21338,8.3
s1041,Marvel Studios' Captain America: Civil War,2016,147,250000000,19989,7.4
s1042,Marvel Studios' Captain America: The First Avenger,2011,124,140000000,18770,7.0
s1043,Marvel Studios' Captain America: The Winter Soldier,2014,136,170000000,16299,7.7
s1044,Marvel Studios' Captain Marvel,2019,124,152000000,13214,6.9
s1045,Marvel Studios' Doctor Strange,2016,115,165000000,19330,7.4
s1046,Marvel Studios' Guardians of the Galaxy,2014,121,170000000,24611,7.9
s1047,Marvel Studios' Guardians of the Galaxy Vol. 2,2017,137,200000000,18468,7.6
s1048,Marvel Studios' Iron Man,2008,126,140000000,22955,7.6
s1049,Marvel Studios' Iron Man 2,2010,124,200000000,18112,6.8
s1050,Marvel Studios' Iron Man 3,2013,130,200000000,19626,6.9
s1051,Marvel Studios' The Avengers,2012,143,220000000,27164,7.7
s1052,Marvel Studios' Thor,2011,115,150000000,18402,6.8
s1053,Marvel Studios' Thor: The Dark World,2013,112,170000000,15010,6.6
s1056,Marvel's Ant-Man (Shorts),2016,117,130000000,17234,7.1
s1065,Mary Poppins,1964,139,6000000,3990,7.6
s1066,Mater and the Ghostlight,2006,7,0,345,6.2
s1067,Meet the Deedles,1998,93,24000000,65,4.4
s1068,Meet the Robinsons,2007,95,150000000,2298,6.9
s1069,Melody Time,1948,75,2000000,215,6.2
s1070,Mickey Down Under,1948,7,0,29,6.0
s1073,"Mickey, Donald, Goofy: The Three Musketeers",2004,68,0,735,6.6
s1074,Mickey's Birthday Party,1942,8,0,31,5.9
s1075,Mickey's Christmas Carol,1983,26,3000000,717,7.7
s1076,Mickey's Delayed Date,1947,7,0,31,6.5
s1077,Mickey's Once Upon a Christmas,1999,66,0,520,7.1
s1078,Mickey's Rival,1936,8,0,50,6.2
s1079,Mickey's Trailer,1938,7,0,118,7.3
s1080,Mickey's Twice Upon a Christmas,2004,68,10000000,323,7.0
s1081,Mighty Joe Young,1998,114,90000000,672,6.2
s1082,Mike's New Car,2002,4,0,547,6.9
s1083,Minutemen,2008,91,5000000,192,5.7
s1084,Miracle,2004,135,28000000,475,7.1
s1085,Miracle at Midnight,1998,90,0,6,7.2
s1086,Miracle in Lane 2,2000,89,0,34,6.2
s1087,Miracle Landing on the Hudson,2014,90,2000000,6,7.2
s1088,Mission to the Sun,2018,44,0,14,6.6
s1089,Moana,2016,107,150000000,10526,7.6
s1090,Mom's Got a Date With a Vampire,2000,85,0,98,5.8
s1091,Monsters University,2013,104,200000000,9143,7.0
s1092,"Monsters, Inc.",2001,92,115000000,15648,7.8
s1093,Motocrossed,2001,91,0,71,6.1
s1094,Mr. Boogedy,1986,44,0,22,6.7
s1095,Mr. Duck Steps Out,1940,8,0,51,6.3
s1096,Mr. Mouse Takes a Trip,1940,8,0,43,6.5
s1097,Mulan II,2005,79,0,1983,6.5
s1099,Muppet Treasure Island,1996,100,31000000,298,6.6
s1100,Muppets Most Wanted,2014,112,50000000,697,6.3
s1101,My Favorite Martian,1999,94,65000000,247,5.6
s1103,National Treasure: Book of Secrets,2007,124,130000000,4330,6.3
s1104,Newsies,1992,121,15000000,206,6.6
s1105,Newsies: The Broadway Musical,2017,134,0,66,8.3
s1106,Noelle,2019,100,0,241,6.7
s1107,Now You See It,2005,3,0,3,5.3
s1108,Olaf's Frozen Adventure,2017,22,0,1281,6.4
s1109,Old Yeller,1957,83,0,208,7.0
s1110,Oliver & Company,1988,77,31000000,1299,6.7
s1111,Once Upon a Mattress,2005,90,0,21,5.9
s1112,One Magic Christmas,1985,88,0,70,5.8
s1113,One Man Band,2006,4,0,453,7.3
s1114,Operation Dumbo Drop,1995,107,0,136,5.1
s1117,Paris To Pittsburgh,2018,77,0,7,6.4
s1118,Partly Cloudy,2009,5,0,857,7.8
s1119,Party Central,2014,6,0,220,6.8
s1120,Perri,1957,75,0,12,7.0
s1121,Pete's Dragon,2016,103,65000000,1913,6.4
s1122,Peter Pan,1953,77,4000000,4548,7.2
s1123,Peter Pan: Return to Never Land,2002,72,20000000,1817,6.4
s1124,Phantom of the Megaplex,2000,89,0,51,6.0
s1127,Phineas and Ferb the Movie: Across the 2nd Dimension,2011,78,0,430,6.9
s1128,Phineas and Ferb: Mission Marvel,2013,45,0,128,6.6
s1129,Piglet's Big Movie,2003,75,46000000,284,6.8
s1130,Pinocchio,1940,88,2600000,4905,7.1
s1131,Piper,2016,6,0,1369,8.2
s1132,Pirates of the Caribbean: At World's End,2007,169,300000000,12209,7.2
s1133,Pirates of the Caribbean: Dead Man's Chest,2006,151,200000000,13617,7.3
s1134,Pirates of the Caribbean: The Curse of the Black Pearl,2003,143,140000000,17652,7.8
s1136,Pixel Perfect,2004,85,0,68,5.2
s1137,Planet of the Birds,2018,44,0,2,5.5
s1138,Pluto and the Gopher,1950,7,0,20,6.8
s1139,Pluto's Christmas Tree,1952,7,0,75,7.3
s1140,Pluto's Surprise Package,1949,7,0,20,6.3
s1141,Pluto's Sweater,1949,7,0,27,7.0
s1142,Pocahontas,1995,81,55000000,4875,6.9
s1143,Pocahontas II: Journey to a New World,1998,72,0,1156,5.5
s1144,Pollyanna,1960,134,2500000,146,7.1
s1145,Pooh's Grand Adventure: The Search for Christopher Robin,1997,76,0,278,7.2
s1146,Pooh's Heffalump Movie,2005,68,20000000,358,6.8
s1147,Presto,2008,5,0,820,7.8
s1148,Princess Protection Program,2009,89,0,1504,6.6
s1149,Purl,2019,9,0,219,6.7
s1151,Queen of Katwe,2016,124,15000000,358,7.2
s1152,Quints,2000,83,0,52,5.5
s1153,Ratatouille,2007,111,150000000,14089,7.8
s1154,Read It and Weep,2006,90,0,224,5.7
s1155,Ready to Run,2000,88,0,18,6.1
s1156,Recess: All Growed Down,2003,61,0,35,6.1
s1157,Recess: School's Out,2001,82,10000000,270,6.5
s1158,Recess: Taking the 5th Grade,2003,62,0,60,6.3
s1159,Red's Dream,1987,4,0,245,6.2
s1160,Remember the Titans,2000,113,30000000,2144,7.6
s1161,Rescue Dog,1947,7,0,27,6.3
s1162,Return from Witch Mountain,1978,95,0,175,5.9
s1163,Return to Halloweentown,2006,88,0,382,6.5
s1164,Return to Oz,1985,109,25000000,678,6.6
s1165,Richie Rich's Christmas Wish,1998,84,6000000,82,4.9
s1166,Right on Track,2003,89,0,34,6.5
s1167,Riley’s First Date?,2015,8,0,685,7.2
s1168,Rip Girls,2000,87,0,55,6.4
s1169,Robin Hood,1973,140,200000000,3874,6.4
s1171,Rogue One: A Star Wars Story,2016,133,200000000,13260,7.5
s1172,Roving Mars,2006,40,0,26,7.3
s1173,Ruby Bridges,1998,96,0,18,6.2
s1174,Sacred Planet,2004,40,0,9,6.6
s1175,Saludos Amigos,1943,42,0,330,5.9
s1176,"Sammy, The Way-Out Seal",1962,88,0,5,6.2
s1177,Sanjay's Super Team,2015,7,0,206,6.6
s1178,Santa Paws 2: The Santa Pups,2012,88,0,84,6.2
s1179,Santa's Workshop,1932,7,13157,91,6.6
s1180,Saving Mr. Banks,2013,125,35000000,2896,7.4
s1181,Science Fair,2018,90,0,17,7.2
s1182,Sea of Hope: America's Underwater Treasures,2017,60,0,5,6.4
s1183,Secret of The Wings,2012,92,0,965,7.1
s1184,Secretariat,2010,123,35000000,476,7.4
s1185,Secrets of Christ's Tomb: Explorer Special,2017,46,0,5,7.4
s1186,Secrets of Life,1956,70,0,11,7.3
s1187,Secrets of the King Cobra,2012,46,0,1,4.0
s1189,Sharks of Lost Island,2013,45,0,8,5.8
s1190,Sharpay's Fabulous Adventure,2011,90,0,478,6.0
s1191,Shipwrecked,1991,75,0,0,0.0
s1193,Simpsons Movie,2007,87,75000000,6823,7.0
s1194,Sister Act,1992,100,31000000,2624,6.8
s1195,Sister Act 2: Back in the Habit,1993,107,38000000,1457,6.4
s1196,Skyrunners,2009,92,0,39,4.8
s1197,Sleeping Beauty,1959,75,6000000,4378,6.9
s1198,Smart House,1999,82,0,129,5.8
s1199,Smash and Grab,2019,7,0,119,6.8
s1200,Snow White and The Seven Dwarfs,1937,83,1488423,6256,7.1
s1201,Snowball Express,1972,93,0,27,6.6
s1202,Snowglobe,2007,120,0,52,6.2
s1204,Society Dog Show,1939,8,0,36,6.3
s1212,Star Wars: A New Hope (Episode IV),1977,0,11000000,1,10.0
s1213,Star Wars: Attack of the Clones (Episode II),2002,142,120000000,11131,6.5
s1215,Star Wars: Return of the Jedi (Episode VI),1983,135,32350000,12947,7.9
s1216,Star Wars: Revenge of the Sith (Episode III),2005,140,113000000,11561,7.4
s1217,Star Wars: The Empire Strikes Back (Episode V),1980,124,18000000,14327,8.4
s1218,Star Wars: The Force Awakens (Episode VII),2015,136,245000000,17134,7.3
s1219,Star Wars: The Phantom Menace (Episode I),1999,136,115000000,12308,6.5
s1220,Starstruck,2010,81,0,1038,7.0
s1221,Steamboat Willie,1928,8,4986,386,7.4
s1222,Stepsister from Planet Weird,2000,85,0,39,5.5
s1223,Stitch! The Movie,2003,60,0,571,6.5
s1224,Stonehenge Decoded: Secrets Revealed,2008,92,0,6,6.6
s1225,Stuck in the Suburbs,2004,76,0,186,5.9
s1226,Sultan and the Rock Star,1980,47,0,2,4.0
s1227,Super Buddies,2013,81,0,112,6.1
s1228,Swiss Family Robinson,1940,126,5000000,249,6.9
s1230,Tall Tale,1995,98,32000000,57,6.3
s1231,Tangled,2010,100,260000000,9489,7.6
s1232,Tangled Before Ever After,2017,55,0,323,6.8
s1233,Tarzan & Jane,2002,75,0,499,6.0
s1234,Teacher's Pet,2004,74,10000000,30,6.0
s1235,Teen Beach 2,2015,104,0,502,6.8
s1236,Teen Beach Movie,2013,96,0,781,6.9
s1237,Teen Spirit,2011,92,0,261,6.2
s1238,That Darn Cat,1997,89,0,68,4.9
s1239,That Darn Cat!,1965,112,0,121,6.6
s1240,The Absent-Minded Professor,1961,96,0,125,6.5
s1241,The Adventures of André & Wally B.,1984,2,0,222,5.3
s1242,The Adventures of Bullwhip Griffin,1967,108,0,18,6.4
s1243,The Adventures of Huck Finn,1993,108,6500000,145,6.2
s1244,The Adventures of Ichabod and Mr. Toad,1949,68,0,424,6.5
s1246,The African Lion,1955,75,0,24,7.1
s1247,The Apple Dumpling Gang,1975,100,0,91,6.6
s1248,The Apple Dumpling Gang Rides Again,1979,88,0,49,6.3
s1249,The Aristocats,1970,78,4000000,4235,7.3
s1250,The Art of Skiing,1941,8,0,49,7.0
s1253,The Band Concert,1935,9,0,130,7.2
s1254,The Bears and I,1974,89,0,7,5.7
s1255,The Big Bad Wolf,1934,9,27878,75,6.5
s1256,The Biscuit Eater,1972,92,0,10,5.7
s1257,The Black Cauldron,1985,80,25000000,1003,6.5
s1258,The Black Hole,1979,98,20000000,339,5.8
s1259,The Blue Umbrella,2013,7,0,451,7.6
s1262,The Brave Little Toaster Goes to Mars,1998,73,0,59,5.6
s1263,The Castaway Cowboy,1974,91,0,16,6.0
s1264,The Cheetah Girls,2003,93,0,414,6.0
s1265,The Cheetah Girls 2,2006,96,0,362,6.3
s1266,The Cheetah Girls: One World,2008,90,0,294,6.1
s1267,The Christmas Star,1986,94,0,22,5.4
s1268,The Chronicles of Narnia: Prince Caspian,2008,150,225000000,5368,6.6
s1269,"The Chronicles of Narnia: The Lion, the Witch and the Wardrobe",2005,143,180000000,8679,7.1
s1270,The Color of Friendship,2000,87,0,47,7.0
s1271,The Computer Wore Tennis Shoes,1969,91,0,102,6.1
s1272,The Country Bears,2002,88,35000000,85,4.8
s1273,The Emperor's New Groove,2000,78,100000000,5525,7.5
s1274,The Even Stevens Movie,2003,94,0,112,5.7
s1275,The Flood,2018,97,3000000,20,5.7
s1276,The Fox and the Hound,1981,82,12000000,2694,7.1
s1277,The Fox and the Hound 2,2006,69,24000000,550,6.0
s1278,The Game Plan,2007,110,22000000,1657,6.4
s1279,The Ghosts of Buxley Hall,1980,120,0,7,5.6
s1280,The Goddess of Spring,1934,9,37605,34,5.9
s1281,The Golden Touch,1935,10,35458,56,6.4
s1282,The Good Dinosaur,2015,93,175000000,4680,6.7
s1283,The Great Muppet Caper,1981,95,14000000,219,6.9
s1284,The Greatest Game Ever Played,2005,120,25000000,359,7.3
s1285,The Haunted Mansion,2003,88,90000000,1643,5.6
s1286,The Hockey Champ,1939,7,0,37,6.8
s1287,The Hunchback of Notre Dame,1996,91,100000000,4217,7.1
s1288,The Hunchback of Notre Dame II,2002,68,0,658,5.4
s1290,The Incredible Journey,1963,80,0,79,6.7
s1291,The Incredibles,2004,115,92000000,15324,7.7
s1292,The Journey of Natty Gann,1985,101,0,100,7.0
s1293,The Jungle Book 2,2003,72,20000000,963,5.9
s1294,The Jungle Book: Mowgli's Story,1998,77,0,49,5.9
s1295,The Legend of Mor'du,2012,6,0,90,6.1
s1296,The Lion King 1 1/2,2004,77,0,2557,6.6
s1297,The Lion King 2: Simba's Pride,1998,81,0,3809,7.0
s1298,The Little Mermaid,1989,83,40000000,6507,7.4
s1299,The Little Mermaid II:  Return to the Sea,2000,75,0,1444,6.4
s1300,The Little Mermaid:  Ariel's Beginning,2008,77,0,823,6.7
s1301,The Little Whirlwind,1941,8,0,30,6.2
s1302,The Living Desert,1953,69,0,39,7.3
s1303,The Lizzie McGuire Movie,2003,94,17000000,1095,6.3
s1304,The Lost Tomb of Alexander the Great,2019,44,0,5,7.2
s1305,The Love Bug (1969),1969,107,0,457,6.5
s1306,The Many Adventures of Winnie the Pooh,1977,74,0,791,7.2
s1307,The Million Dollar Duck,1971,89,0,61,5.5
s1308,The Mistle-Tones,2012,90,0,42,6.4
s1309,The Muppet Christmas Carol,1992,85,12000000,703,7.3
s1310,The Muppet Movie,1979,97,8000000,448,7.2
s1311,The Muppets,2011,103,45000000,1302,6.6
s1314,The Old Mill,1937,9,50663,139,7.4
s1315,The Olympic Champ,1942,7,0,46,6.6
s1316,The Parent Trap,1998,128,15000000,3332,7.1
s1317,The Parent Trap (1961),1961,129,0,281,7.1
s1318,The Pied Piper,1933,8,17145,34,6.2
s1319,The Plausible Impossible (Disneyland: 1954-58),1956,60,0,1,7.0
s1320,The Poof Point,2001,79,0,20,5.2
s1321,The Prince and the Pauper,1962,25,0,174,6.7
s1322,The Princess and the Frog,2009,98,105000000,4482,7.1
s1323,The Princess Diaries,2001,115,37000000,4182,6.9
s1324,The Princess Diaries 2: Royal Engagement,2004,113,40000000,2784,6.6
s1325,The Proud Family Movie,2005,90,0,62,5.9
s1326,The Reluctant Dragon,1941,74,600,107,6.6
s1328,The Rescuers,1977,78,1200000,2084,6.8
s1329,The Rescuers Down Under,1990,77,37931000,1031,6.6
s1330,The Rookie,2002,120,10000000,416,5.9
s1331,The Santa Clause,1994,97,22000000,1595,6.4
s1332,The Santa Clause 2,2002,104,65000000,1028,5.9
s1333,The Santa Clause 3: The Escape Clause,2006,98,12000000,830,5.4
s1334,The Scream Team,2002,88,0,23,6.3
s1335,The Secret of the Magic Gourd,2009,85,0,91,7.3
s1336,The Shaggy D.A.,1976,91,0,55,5.7
s1337,The Shaggy Dog,1959,98,50000000,479,4.9
s1338,The Sign of Zorro,1960,91,0,35,7.5
s1339,The Simple Things,1953,7,0,33,6.2
s1340,The Sound of Music,1965,175,8200000,2648,7.7
s1341,The Story of Robin Hood And His Merrie Men,1952,84,0,42,6.4
s1342,The Strongest Man in the World,1975,92,0,45,5.9
s1343,The Suite Life Movie,2011,80,0,457,6.2
s1346,The Swap,2016,89,0,159,6.9
s1347,The Thirteenth Year,1999,95,0,184,6.6
s1348,The Three Caballeros,1945,71,0,557,6.3
s1349,The Three Musketeers,1993,110,75000000,2288,5.8
s1350,The Tigger Movie,2000,77,30000000,463,6.5
s1351,The Tortoise and the Hare,1935,9,32671,119,6.6
s1352,The Ugly Dachshund,1966,93,0,129,6.7
s1353,The Ugly Duckling,1939,9,0,112,6.9
s1354,The Ultimate Christmas Present,2000,85,0,57,5.5
s1355,The Vanishing Prairie,1954,71,0,18,7.5
s1356,The Wild,2006,95,80000000,851,5.5
s1357,The Wise Little Hen,1934,8,25990,71,6.4
s1358,The Wizards Return: Alex vs. Alex,2013,60,0,636,7.0
s1360,The Young Black Stallion,2003,49,0,84,6.8
s1361,Three Blind Mouseketeers,1936,9,0,45,6.5
s1362,Three Days,2001,91,0,15,6.1
s1363,Three Little Pigs,1933,8,15719,294,6.8
s1364,Three Little Wolves,1936,9,0,49,6.6
s1365,Three Men and a Baby,1987,0,0,0,0.0
s1366,Three Men and a Little Lady,1990,104,0,420,5.8
s1367,Thru the Mirror,1936,9,0,106,7.3
s1368,Tiger Cruise,2004,88,0,27,5.9
s1369,Tim Burton’s The Nightmare Before Christmas,1993,76,24000000,7564,7.8
s1371,Tin Toy,1988,5,300000,348,6.2
s1372,Tinker Bell,2008,78,48000000,1132,6.8
s1373,Tinker Bell and the Great Fairy Rescue,2010,76,0,730,6.6
s1374,Tinker Bell and the Lost Treasure,2009,81,0,796,6.8
s1375,Titanic: 20 Years Later With James Cameron,2017,47,0,28,6.4
s1376,Toby Tortoise Returns,1936,7,0,40,6.1
s1377,Tom and Huck,1995,97,0,144,5.4
s1378,Toy Story,1995,81,30000000,15555,8.0
s1379,Toy Story 2,1999,92,90000000,11730,7.6
s1380,Toy Story 3,2010,103,200000000,12624,7.8
s1381,Toy Story Toons: Hawaiian Vacation,2011,6,0,538,7.0
s1382,Toy Story Toons: Partysaurus Rex,2012,7,0,381,7.2
s1383,Toy Story Toons: Small Fry,2011,7,0,452,6.9
s1384,Trail of the Panda,2009,88,0,21,8.1
s1385,Trailer Horn,1950,6,0,24,6.5
s1386,Treasure Island,1950,96,0,137,6.6
s1387,Treasure of Matecumbe,1976,117,0,17,6.1
s1388,Treasure Planet,2002,95,140000000,3380,7.5
s1389,Tree Climbing Lions,2018,44,0,5,7.2
s1390,Tron,1982,96,17000000,1770,6.7
s1391,Tru Confessions,2002,83,0,40,6.7
s1392,Tuck Everlasting,2002,90,15000000,389,6.6
s1393,Tugboat Mickey,1940,7,0,46,6.3
s1394,Twas the Night,2001,83,0,1,4.0
s1395,Twitches,2005,86,20000000,422,6.7
s1396,Twitches Too,2007,83,0,284,6.7
s1397,Unidentified Flying Oddball,1979,93,5250000,23,5.2
s1398,Up,2009,96,175000000,17337,7.9
s1400,Valiant,2005,76,35000000,742,5.5
s1401,Waking Sleeping Beauty,2010,86,0,80,7.3
s1402,WALL-E,2008,98,180000000,15870,8.1
s1403,Wendy Wu: Homecoming Warrior,2006,90,6000000,361,6.2
s1404,Whispers: An Elephant's Tale,2000,72,0,5,4.8
s1405,White Fang,1991,107,14000000,491,6.7
s1406,Who Framed Roger Rabbit,1988,104,70000000,4711,7.5
s1408,Winged Seduction: Birds of Paradise,2012,45,0,1,4.0
s1409,Winnie the Pooh,2011,63,30000000,689,6.9
s1410,Winnie the Pooh: A Very Merry Pooh Year,2002,65,0,143,6.8
s1411,Winnie the Pooh: Springtime with Roo,2004,65,0,123,6.7
s1412,Winter Storage,1949,7,0,41,6.9
s1414,Wizards of Waverly Place: The Movie,2009,94,0,1244,6.6
s1416,World's Greatest Dogs,2015,43,0,0,0.0
s1417,Wreck-It Ralph,2012,101,165000000,10727,7.3
s1419,Ye Olden Days,1933,8,0,56,6.1
s1420,Yellowstone Cubs,1963,48,0,5,7.6
s1421,You Lucky Dog,1998,88,0,18,5.6
s1422,You Wish!,2003,87,0,44,5.7
s1423,Your Friend the Rat,2007,11,0,269,6.7
s1424,Z-O-M-B-I-E-S,2018,94,0,516,7.4
s1425,Zapped,2014,92,0,526,6.2
s1426,Zenon: Girl of the 21st Century,1999,97,0,139,6.2
s1427,Zenon: The Zequel,2001,100,0,80,5.8
s1428,Zenon: Z3,2004,95,0,62,5.5
s1429,Zootopia,2016,109,150000000,14067,7.7
s1430,Bedknobs and Broomsticks,1971,117,20000000,776,7.0
s1431,Blackbeard's Ghost,1968,106,0,115,6.7
s1432,Brave Little Tailor,1938,9,0,79,6.9
s1433,Justin Morgan had a Horse,1972,88,0,4,7.0
s1434,Lady and the Tramp II: Scamp's Adventure,2001,69,0,1065,6.4
s1436,The Cat from Outer Space,1978,104,0,93,5.7
s1437,The Great Mouse Detective,1986,74,14000000,1343,7.1
s1438,The Sword in the Stone,1963,79,3000000,3227,7.2
s1439,Those Calloways,1965,131,0,16,6.2
s1443,Tomorrowland,2015,130,190000000,6197,6.2
s1444,Aquamarine,2006,104,12000000,1252,6.3
s1445,Ice Age: Dawn Of The Dinosaurs,2009,94,90000000,6988,6.7
s1446,X-Men Origins: Wolverine,2009,107,150000000,9048,6.3
s1447,Night at the Museum: Battle of the Smithsonian,2009,105,150000000,5910,6.1
s1448,Eddie the Eagle,2016,106,23000000,1822,7.2
s1449,Bend It Like Beckham,2003,112,3500159,1594,6.3
s1450,Captain Sparky vs. The Flying Saucers,2012,3,0,22,7.2
