show_id,type,title,release_year
s1,Movie,Duck the Halls: A Mickey Mouse Christmas Special,2016
s2,Movie,Ernest Saves Christmas,1988
s3,Movie,Ice Age: A Mammoth Christmas,2011
s4,Movie,The Queen Family Singalong,2021
s5,TV Show,The Beatles: Get Back,2021
s6,Movie,Becoming Cousteau,2021
s7,TV Show,Hawkeye,2021
s8,TV Show,Port Protection Alaska,2015
s9,TV Show,Secrets of the Zoo: Tampa,2019
s10,Movie,A Muppets Christmas: Letters To Santa,2008
s11,Movie,Adventure Thru the Walt Disney Archives,2020
s12,Movie,Puppy for Hanukkah,2020
s13,Movie,The Pixar Story,2007
s14,TV Show,"Dr. Oakley, Yukon Vet",2013
s15,Movie,America the Beautiful,2021
s16,Movie,Baymax!,2021
s17,Movie,Ciao Alberto,2021
s18,TV Show,Disney Fancy Nancy,2018
s19,TV Show,Disney Intertwined,2021
s20,Movie,Enchanted,2007
s21,Movie,Feast,2014
s22,Movie,Frozen Fever,2015
s23,Movie,Get a Horse!,2013
s24,Movie,Home Sweet Home Alone,2021
s25,Movie,Jungle Cruise,2021
s26,Movie,Limitless with Chris Hemsworth,2021
s27,Movie,Marvel Studios’ 2021 Disney+ Day Special,2021
s28,Movie,Obi-Wan Kenobi,2021
s29,TV Show,Olaf Presents,2021
s30,Movie,Paperman,2012
s31,Movie,Pixar 2021 Disney+ Day Special,2021
s32,Movie,Shang-Chi and The Legend of The Ten Rings,2021
s33,Movie,Spin,2021
s34,Movie,Tangled Ever After,2012
s35,Movie,The Ballad of Nessie,2011
s36,Movie,The Little Matchgirl,2006
s37,Movie,The Making of Happier Than Ever: A Love Letter to Los Angeles,2021
s38,Movie,The Proud Family: Louder and Prouder,2021
s39,Movie,The Simpsons in Plusaversary,2021
s40,Movie,Tick Tock Tale,2010
s41,Movie,Under the Helmet: The Legacy of Boba Fett,2021
s42,Movie,Willow,2021
s43,Movie,Alvin and the Chipmunks: Chipwrecked,2011
s44,Movie,Jingle All The Way,1996
s45,Movie,Jingle All the Way 2,2014
s46,Movie,Prep & Landing: Operation Secret Santa,2010
s47,Movie,Santa Buddies: The Legend of Santa Paws,2009
s48,Movie,Snow Buddies,2008
s49,Movie,Space Buddies,2009
s50,Movie,The Search for Santa Paws,2010
s51,Movie,X-Men: First Class,2011
s52,TV Show,Disney Amphibia,2018
s53,TV Show,Photo Ark,2017
s54,TV Show,Storm Rising,2021
s55,Movie,Bob Ballard: An Explorer's Life,2021
s56,Movie,"McFarland, USA",2015
s57,Movie,Rookie of the Year,1993
s58,Movie,Thumbelina,1994
s59,TV Show,PJ Masks,2015
s60,TV Show,The Wild Life of Dr. Ole,2021
s61,Movie,Lost Cities with Albert Lin: The Great Flood,2021
s62,Movie,Megacity of the Maya Warriors,2021
s63,TV Show,Apollo: Back To The Moon,2019
s64,TV Show,Just Beyond,2021
s65,TV Show,Secrets Of The Zoo: Down Under,2020
s66,TV Show,Secrets of the Zoo: North Carolina,2020
s67,TV Show,The Wizard of Paws,2021
s68,TV Show,Zombies: Addison's Moonstone Mystery,2020
s69,Movie,Just Roll With It: You Decide Live!,2019
s70,Movie,Mickey's Tale of Two Witches,2021
s71,Movie,Muppets Haunted Mansion,2021
s72,Movie,The Most Magical Story on Earth: 50 Years of Walt Disney World,2021
s73,Movie,Under Wraps,2021
s74,TV Show,Among the Stars,2021
s75,Movie,Black Widow,2021
s76,TV Show,Drain the Oceans,2017
s77,TV Show,Drain The Oceans: The Mississippi River & Arctic War,2021
s78,Movie,Fauci,2021
s79,TV Show,IMPACT with Gal Gadot,2021
s80,TV Show,The Ghost and Molly McGee,2021
s81,Movie,Alvin and the Chipmunks,2007
s82,Movie,Alvin and the Chipmunks: The Road Chip,2015
s83,Movie,LEGO Star Wars Terrifying Tales,2021
s84,Movie,Maleficent,2014
s85,Movie,The Scariest Story Ever: A Mickey Mouse Halloween Spooktacular,2017
s86,TV Show,Disney Vampirina,2017
s87,TV Show,Disney's Magic Bake-Off,2021
s88,TV Show,Great Barrier Reef,2020
s89,TV Show,Ready for Preschool,2019
s90,TV Show,Rolie Polie Olie,1998
s91,TV Show,Star Wars Galaxy of Sounds,2021
s92,TV Show,The Hatcher Family Dairy,2021
s93,TV Show,The Simpsons,1989
s94,Movie,A Spark Story,2021
s95,Movie,Spooky Buddies,2011
s96,Movie,The Fault in Our Stars,2014
s97,TV Show,Dog: Impossible,2019
s98,TV Show,Spidey And His Amazing Friends,2021
s99,TV Show,Star Wars: Visions,2021
s100,Movie,Confessions of a Shopaholic,2009
s101,Movie,Descendants: Royal Wedding,2021
s102,Movie,Disney's Broadway Hits at London's Royal Albert Hall,2016
s103,Movie,Flooded Tombs of the Nile,2021
s104,Movie,Jade Eyed Leopard,2020
s105,Movie,Nona,2021
s106,Movie,Smoky Mountain Park Rangers,2021
s107,TV Show,Life Below Zero,2012
s108,TV Show,Miraculous: Tales Of Ladybug & Cat Noir,2015
s109,TV Show,Unknown Waters with Jeremy Wade,2021
s110,Movie,Far Away From Raven’s Home,2021
s111,Movie,Pirates of the Caribbean: On Stranger Tides,2011
s112,Movie,Twenty Something,2021
s113,TV Show,"Doogie Kamealoha, M.D.",2021
s114,TV Show,"Mira, Royal Detective",2020
s115,TV Show,Pepper Ann,1997
s116,TV Show,The Incredible Dr. Pol,2011
s117,Movie,Happier Than Ever: A Love Letter to Los Angeles,2021
s118,Movie,X-Men: Dark Phoenix,2019
s119,TV Show,Alaska Animal Rescue,2019
s120,TV Show,Dug Days,2021
s121,Movie,Cruella,2021
s122,Movie,Dan in Real Life,2007
s123,Movie,Disney Princess Remixed - An Ultimate Princess Celebration,2021
s124,Movie,Marvel One-Shot: All Hail the King,2014
s125,Movie,Underdog,2007
s126,TV Show,Dr. K's Exotic Animal ER,2014
s127,TV Show,Gigantosaurus,2018
s128,TV Show,Life Below Zero: Next Generation,2020
s129,Movie,Eragon,2006
s130,TV Show,Growing Up Animal,2021
s131,Movie,Fantastic Four,2005
s132,Movie,X-Men,2000
s133,TV Show,America's Funniest Home Videos: Animal Edition,2021
s134,TV Show,Chicken Squad,2021
s135,TV Show,Disney Presents Goofy in How to Stay at Home,2021
s136,TV Show,Gabby Duran And The Unsittables,2018
s137,TV Show,What If...?,2021
s138,Movie,Beverly Hills Chihuahua 2,2011
s139,Movie,Beverly Hills Chihuahua 3: Viva La Fiesta!,2012
s140,Movie,Killer Shark vs Killer Whale,2021
s141,Movie,Mrs. Doubtfire,1993
s142,TV Show,Cesar Millan: Better Human Better Dog,2021
s143,TV Show,Walt Disney Animation Studios: Short Circuit Experimental Films,2020
s144,Movie,Built for Mars: The Perseverance Rover,2021
s145,Movie,Garfield,2004
s146,TV Show,Chip 'n' Dale: Park Life,2021
s147,TV Show,Critter Fixers: Country Vets,2020
s148,TV Show,Disney Junior T.O.T.S.,2018
s149,TV Show,Mickey Mouse Funhouse,2021
s150,TV Show,Minnie's Bow-Toons: Party Palace Pals,2021
s151,TV Show,Turning the Tables with Robin Roberts,2021
s152,Movie,Ice Age: The Meltdown,2006
s153,Movie,Playing with Sharks,2021
s154,Movie,Shark vs. Surfer,2020
s155,Movie,Shark vs. Whale,2020
s156,Movie,Stuntman,2021
s157,Movie,Walking with Dinosaurs: The Movie,2013
s158,Movie,What the Shark?,2020
s159,TV Show,Behind the Attraction,2021
s160,TV Show,Disney The Owl House,2020
s161,TV Show,Meet Spidey and His Amazing Friends (Shorts),2021
s162,TV Show,Mission Force One,2017
s163,TV Show,Turner & Hooch,2021
s164,Movie,Most Wanted Sharks,2020
s165,Movie,Secrets of the Bull Shark,2020
s166,TV Show,Shark Attack Files,2021
s167,Movie,Shark Attack Investigation: The Paige Winter Story,2021
s168,Movie,Sharkcano,2020
s169,Movie,We Bought a Zoo,2011
s170,Movie,World's Biggest Bullshark,2021
s171,Movie,World's Most Dangerous Shark?,2021
s172,TV Show,So Random!,2011
s173,Movie,Flicka,2006
s174,Movie,"Miraculous World: Shanghai, The Legend of Ladydragon",2021
s175,Movie,Orca vs. Great White,2021
s176,Movie,Rogue Shark?,2021
s177,Movie,Shark Beach with Chris Hemsworth,2021
s178,Movie,Shark Gangs,2021
s179,Movie,The Croc That Ate Jaws,2021
s180,TV Show,When Sharks Attack,2013
s181,TV Show,Breaking Bobby Bones,2021
s182,TV Show,Mickey Mouse Mixed-Up Adventures,2019
s183,TV Show,Monsters at Work,2021
s184,Movie,"The Good, The Bart, and The Loki",2021
s185,TV Show,Disney Raven's Home,2016
s186,Movie,The Sandlot,1993
s187,Movie,The Sandlot 2,2005
s188,Movie,Adventures in Babysitting,1987
s189,TV Show,Running Wild with Bear Grylls,2019
s190,TV Show,The Mysterious Benedict Society,2021
s191,Movie,Wolfgang,2021
s192,TV Show,Dino Ranch,2021
s193,TV Show,Disney Just Roll With It,2018
s194,TV Show,"Heartland Docs, DVM",2019
s195,Movie,Luca,2021
s196,TV Show,Star Wars Vintage: Droids,1985
s197,TV Show,Puppy Dog Pals,2016
s198,Movie,Strange Magic,2015
s199,Movie,The Happiest Millionaire,1967
s200,Movie,The Pacifier,2005
s201,TV Show,Zenimation,2020
s202,TV Show,Loki,2021
s203,TV Show,Gordon Ramsay: Uncharted,2018
s204,TV Show,MUPPET BABIES,2017
s205,Movie,Raya and the Last Dragon,2021
s206,Movie,Red Tails,2012
s207,Movie,Us Again,2021
s208,Movie,American Eid,2021
s209,TV Show,Bluey,2019
s210,Movie,Dinner Is Served,2021
s211,TV Show,Disney Sydney To The Max,2018
s212,Movie,Growing Fangs,2021
s213,TV Show,Kingdom of the Polar Bears,2021
s214,Movie,Let's Be Tigers,2021
s215,Movie,The Last of the Chupacabras,2021
s216,Movie,The Little Prince(ss),2021
s217,TV Show,Wicked Tuna,2016
s218,TV Show,Big City Greens,2017
s219,TV Show,Fury Files,2013
s220,TV Show,Ice Road Rescue,2015
s221,Movie,Tinker Bell and the Legend of the NeverBeast,2014
s222,TV Show,Schoolhouse Rock!,1973
s223,TV Show,Disney Special Agent Oso: Three Healthy Steps (Shorts),2011
s224,TV Show,Race to the Center of the Earth,2021
s225,TV Show,Special Agent Oso,2009
s226,Movie,X-Men: The Last Stand,2006
s227,TV Show,The Incredible Hulk,1996
s228,Movie,Fantastic Four: Rise of the Silver Surfer,2007
s229,TV Show,Wander Over Yonder,2013
s230,Movie,Wild Hearts Can't Be Broken,1991
s231,Movie,"Maggie Simpson in ""The Force Awakens from its Nap""",2021
s232,Movie,Star Wars Biomes,2021
s233,TV Show,Star Wars Vehicle Flythroughs,2021
s234,TV Show,The Bad Batch,2021
s235,TV Show,Spider-Man,1994
s236,Movie,22 vs. Earth,2021
s237,TV Show,Adventures in Wonderland,1996
s238,Movie,Disney My Music Story SUKIMASWITCH,2020
s239,TV Show,DuckTales,2017
s240,Movie,Oklahoma!,1956
s241,Movie,Baby's Day Out,1994
s242,Movie,Being the Queen,2020
s243,TV Show,Liv and Maddie,2013
s244,TV Show,Secrets of the Whales,2021
s245,TV Show,Big Shot,2021
s246,TV Show,Earth Moods,2021
s247,TV Show,Primal Survivor,2014
s248,Movie,Rio,2011
s249,Movie,The Kid Who Would Be King,2019
s250,Movie,Treasure Buddies,2012
s251,Movie,White Fang 2: Myth of the White Wolf,1994
s252,Movie,Cesar Millan: The Real Story,2012
s253,TV Show,Future-Worm!,2016
s254,TV Show,Kick Buttowski: Suburban Daredevil,2010
s255,Movie,Man of the House,1995
s256,Movie,Mark Twain and Me,1991
s257,Movie,Squanto: A Warrior's Tale,1994
s258,Movie,Caravan of Courage: An Ewok Adventure,1984
s259,Movie,Ewoks: The Battle for Endor,1985
s260,TV Show,Higglytown Heroes,2004
s261,Movie,Island at the Top of the World,1974
s262,TV Show,Made in a Day,2020
s263,Movie,Night at the Museum,2006
s264,TV Show,Secrets Of The Zoo,2017
s265,Movie,Sharks Of The Bermuda Triangle,2020
s266,TV Show,Star Wars Vintage: Clone Wars 2D Micro-Series,2021
s267,Movie,Star Wars Vintage: Story of the Faithful Wookiee,2021
s268,TV Show,Star Wars: Ewoks,1985
s269,Movie,The Big Year,2011
s270,Movie,The Last Ice,2020
s271,Movie,Third Man on the Mountain,1959
s272,TV Show,Walk the Prank,2016
s273,Movie,Gnomeo & Juliet,2011
s274,TV Show,Pickle and Peanut,2015
s275,TV Show,The Mighty Ducks: Game Changers,2021
s276,TV Show,Disney Big Hero 6 The Series,2017
s277,Movie,Disney My Music Story: Perfume,2019
s278,TV Show,Mexico Untamed,2018
s279,TV Show,The Falcon and The Winter Soldier,2021
s280,Movie,Doc McStuffins: The Doc Is In,2020
s281,TV Show,Marvel Studios ASSEMBLED,2021
s282,Movie,Miss Peregrine's Home for Peculiar Children,2016
s283,Movie,Own the Room,2021
s284,Movie,Garfield: A Tail of Two Kitties,2006
s285,TV Show,American Dragon: Jake Long,2004
s286,TV Show,Car SOS,2012
s287,TV Show,Disney Channel Games 2008,2008
s288,TV Show,Disney Roll It Back (Shorts),2019
s289,TV Show,Dog With a Blog,2012
s290,TV Show,Mickey Go Local,2019
s291,Movie,Myth: A Frozen Tale,2021
s292,Movie,Okavango: River of Dreams,2020
s293,TV Show,Pair of Kings,2010
s294,TV Show,Secrets of Sulphur Springs,2021
s295,Movie,Shanghai Disney Resort Grand Opening Gala,2016
s296,Movie,Cheaper By the Dozen,2003
s297,Movie,Cheaper by the Dozen 2,2005
s298,Movie,Flora & Ulysses,2021
s299,Movie,The Book of Life,2014
s300,TV Show,The Muppet Show,1976
s301,TV Show,Marvel Battleworld: Mystery of the Thanostones,2020
s302,Movie,Marvel's Behind the Mask,2021
s303,Movie,Rodgers & Hammerstein's Cinderella,1997
s304,Movie,You Again,2010
s305,Movie,Disney My Music Story: Yoshiki,2019
s306,Movie,Expedition Everest,2020
s307,Movie,Upside-Down Magic,2020
s308,TV Show,Wicked Tuna: Outer Banks,2013
s309,TV Show,Dinosaurs,1991
s310,Movie,Texas Storm Squad,2020
s311,TV Show,Pixar Popcorn,2021
s312,Movie,Wild Uganda,2018
s313,TV Show,Elena of Avalor,2015
s314,Movie,Isle of Dogs,2018
s315,Movie,Mary Poppins Returns,2018
s316,TV Show,WandaVision,2021
s317,TV Show,Disney Fam Jam,2020
s318,Movie,Ferdinand,2017
s319,TV Show,Marvel Studios LEGENDS,2021
s320,Movie,Toy Story: That Time Forgot,2014
s321,Movie,700 Sharks,2018
s322,Movie,Big Sharks Rule,2018
s323,Movie,Dr. Seuss' Horton Hears a Who!,2008
s324,Movie,Great Shark Chow Down,2019
s325,Movie,Mega Hammerhead,2016
s326,Movie,Burrow,2020
s327,TV Show,Cosmos: Possible Worlds,2020
s328,TV Show,Disney Gallery / Star Wars: The Mandalorian,2020
s329,Movie,Max Keeble's Big Move,2001
s330,Movie,Soul,2020
s331,Movie,Arendelle Castle Yule Log,2020
s332,Movie,Buried Truth of the Maya,2020
s333,TV Show,Disney Parks Sunrise Series,2021
s334,Movie,Dory's Reef Cam,2020
s335,Movie,Into the Woods,2014
s336,Movie,"Miraculous World: New York, United Heroez",2020
s337,TV Show,On Pointe,2020
s338,TV Show,Wild Nordic,2019
s339,Movie,Disney Channel's Epic Holiday Showdown,2020
s340,Movie,Disney Holiday Magic Quest,2020
s341,Movie,Gender Revolution: A Journey With Katie Couric,2017
s342,Movie,High School Musical: The Musical: The Holiday Special,2020
s343,Movie,Ralph Breaks the Internet,2018
s344,Movie,Safety,2020
s345,Movie,Anastasia,1997
s346,Movie,Godmothered,2020
s347,Movie,Man vs. Shark,2019
s348,Movie,Mulan,2020
s349,Movie,Sky High,2005
s350,Movie,The Disney Holiday Singalong,2020
s351,Movie,The Nutcracker and the Four Realms,2018
s352,Movie,"Alexander and the Terrible, Horrible, No Good, Very Bad Day",2014
s353,Movie,Black Beauty,2020
s354,Movie,From Our Family to Yours,2020
s355,TV Show,Once Upon a Time in Wonderland,2013
s356,TV Show,Party Animals,2016
s357,Movie,Folklore: the long pond studio sessions,2020
s358,TV Show,Bia,2019
s359,TV Show,Marvel's 616,2020
s360,Movie,Planes,2013
s361,Movie,Planes: Fire & Rescue,2014
s362,Movie,The Real Right Stuff,2020
s363,TV Show,The Wonderful World of Mickey Mouse,2020
s364,Movie,LEGO Star Wars Holiday Special,2020
s365,Movie,Home Alone,1990
s366,Movie,Home Alone 2: Lost in New York,1992
s367,Movie,Home Alone 3,1997
s368,TV Show,Inside Pixar,2020
s369,Movie,Petra: Secrets of the Ancient Builders,2019
s370,Movie,Ultimate Viking Sword,2019
s371,Movie,Disney's A Christmas Carol,2009
s372,TV Show,Fancy Nancy (Shorts),2019
s373,TV Show,Goldie & Bear,2015
s374,Movie,Mr. Magoo,1997
s375,Movie,Prep & Landing,2009
s376,Movie,Prep & Landing: Naughty vs. Nice,2011
s377,Movie,Disney Channel Halloween House Party,2020
s378,TV Show,The Mandalorian,2019
s379,Movie,The Sorcerer's Apprentice,2010
s380,TV Show,X-Ray Earth,2020
s381,TV Show,Gathering Storm,2020
s382,TV Show,India From Above,2019
s383,TV Show,Marvel Super Hero Adventures,2017
s384,Movie,Once Upon a Snowman,2020
s385,Movie,Pompeii: Secrets Of The Dead,2019
s386,Movie,Toy Story of Terror!,2013
s387,Movie,Beverly Hills Chihuahua,2008
s388,Movie,Clouds,2020
s389,Movie,Lost on Everest,2020
s390,Movie,Marvel's Iron Man & Captain America: Heroes United,2014
s391,TV Show,Meet The Chimps,2020
s392,TV Show,The Rocketeer,2019
s393,Movie,Oil Spill of The Century,2019
s394,Movie,The Chronicles Of Narnia: The Voyage of the Dawn Treader,2010
s395,TV Show,The Right Stuff,2020
s396,Movie,Wild Portugal,2020
s397,Movie,X2,2003
s398,Movie,Mr. Holland's Opus,1996
s399,Movie,Disneynature Oceans,2010
s400,Movie,Hidden Figures,2016
s401,TV Show,Magic of Disney's Animal Kingdom,2020
s402,Movie,Secret Society of Second-Born Royals,2020
s403,Movie,The Giant Robber Crab,2019
s404,TV Show,Wild Central America,2020
s405,TV Show,Ancient China from Above,2020
s406,TV Show,Becoming,2020
s407,TV Show,Coop & Cami Ask The World,2018
s408,TV Show,Europe from Above,2019
s409,Movie,Ever After: A Cinderella Story,1998
s410,TV Show,Kingdom of the Mummies,2020
s411,Movie,Morning Light,2008
s412,Movie,Notre Dame: Race Against The Inferno,2019
s413,TV Show,Once Upon a Time,2011
s414,TV Show,Soy Luna,2015
s415,TV Show,Violetta,2011
s416,Movie,Christopher Robin,2018
s417,Movie,D2: The Mighty Ducks,1994
s418,Movie,D3: The Mighty Ducks,1996
s419,TV Show,Earth to Ned,2020
s420,Movie,Trick or Treat,1952
s421,Movie,Alice Through the Looking Glass,2016
s422,Movie,Phineas and Ferb The Movie: Candace Against the Universe,2020
s423,Movie,Back to the Titanic,2020
s424,Movie,Beauty and the Beast,2017
s425,Movie,Mars: One Day on the Red Planet,2020
s426,Movie,The One and Only Ivan,2020
s427,TV Show,"Weirdest, Bestest, Truest",2018
s428,TV Show,Disney Junior T.O.T.S.: Calling All T.O.T.S. (Shorts),2020
s429,Movie,Disney Zombies 2,2020
s430,Movie,India's Wild Leopards,2020
s431,TV Show,Jungle Animal Rescue,2019
s432,Movie,Magic Camp,2020
s433,Movie,Marvel Studios' Ant-Man and the Wasp,2018
s434,TV Show,Nature Boom Time,2016
s435,TV Show,Sam's Zookeeper Challenge,2018
s436,TV Show,Scuba Sam's World,2018
s437,TV Show,Spaced Out,2018
s438,Movie,The Greatest Showman,2017
s439,TV Show,Weird But True!,2017
s440,TV Show,Wild Cats of India,2020
s441,Movie,Howard,2020
s442,Movie,Prince of Persia: The Sands of Time,2010
s443,Movie,Star Wars: Galaxy's Edge-Adventure Awaits,2019
s444,Movie,The Hidden Kingdoms of China,2020
s445,Movie,The Peanuts Movie,2015
s446,TV Show,UFO Europe: The Untold Stories,2012
s447,TV Show,Animal Showdown,2018
s448,TV Show,Best Job Ever,2018
s449,Movie,Big Cat Games,2015
s450,Movie,Black Is King,2020
s451,Movie,Cradle of the Gods,2012
s452,TV Show,Destination World,2018
s453,TV Show,Fearless Adventures with Jack Randall,2018
s454,Movie,Hunt for the Abominable Snowman,2011
s455,Movie,Incredibles 2,2018
s456,TV Show,King Fishers,2013
s457,Movie,Lost Temple of the Inca,2020
s458,TV Show,Marvel Funko Shorts,2016
s459,TV Show,Muppets Now,2020
s460,Movie,Surviving the Mount St. Helens Disaster,2020
s461,TV Show,What Sam Sees,2018
s462,Movie,Pirates of the Caribbean: Dead Men Tell No Tales,2017
s463,TV Show,PJ Masks (Shorts),2017
s464,TV Show,Rogue Trip,2020
s465,TV Show,Wild Congo,2014
s466,TV Show,Wild Sri Lanka,2016
s467,Movie,A Pre-Opening Report from Disneyland,1955
s468,Movie,Diary of a Wimpy Kid: The Long Haul,2017
s469,TV Show,Disney Junior Music Lullabies,2018
s470,Movie,Lost City of Machu Picchu,2019
s471,TV Show,Super Robot Monkey Team Hyperforce Go!,2004
s472,Movie,The Mouseketeers at Walt Disney World,1977
s473,TV Show,Wild Chile,2017
s474,Movie,X-Men: Apocalypse,2016
s475,TV Show,Cosmos: A Spacetime Odyssey,2013
s476,Movie,Hamilton: History Has Its Eyes on You,2020
s477,Movie,Solo: A Star Wars Story,2018
s478,Movie,X-Men: Days of Future Past,2014
s479,Movie,The Undefeated Presents: Hamilton In-Depth,2020
s480,TV Show,Animal ER,2016
s481,Movie,Diary of a Wimpy Kid: Rodrick Rules,2011
s482,Movie,Hamilton,2020
s483,Movie,Ice Age: Collision Course,2016
s484,Movie,Race to Witch Mountain,2009
s485,Movie,The Big Green,1995
s486,Movie,The Mighty Ducks,1992
s487,Movie,While You Were Sleeping,1995
s488,TV Show,Disney A.N.T. Farm,2011
s489,TV Show,Into the Unknown: Making Frozen 2,2020
s490,Movie,Man in Space,1955
s491,Movie,Mars and Beyond,1957
s492,Movie,Marvel Studios' Avengers: Infinity War,2018
s493,Movie,Tarzan,1999
s494,Movie,Tarzan II,2005
s495,TV Show,101 Dalmatians (Series),1997
s496,Movie,Big Sur: Wild California,2010
s497,TV Show,Disney Junior Muppet Babies Play Date,2018
s498,Movie,Egypt's Treasure Guardians,2016
s499,Movie,The Jungle Book,2016
s500,Movie,The Pirate Fairy,2014
s501,Movie,Trail Mix-Up,1993
s502,Movie,Tummy Trouble,1989
s503,Movie,Artemis Fowl,2020
s504,TV Show,Mighty Med,2013
s505,Movie,The Liberty Story,1957
s506,Movie,The Story of the Animated Drawing,1955
s507,Movie,Walt & El Grupo,2009
s508,TV Show,Alaska's Grizzly Gauntlet,2018
s509,Movie,America's Greatest Animals,2012
s510,Movie,Chasing the Equinox,2019
s511,TV Show,Howie Mandel's Animals Doing Things,2017
s512,TV Show,Japan: Between Earth and Sky,2017
s513,Movie,Percy Jackson & The Olympians: The Lightning Thief,2010
s514,TV Show,Secrets of Wild India,2012
s515,TV Show,The Greeks,2016
s516,TV Show,Wild Hawaii,2014
s517,Movie,Women Of Impact: Changing The World,2019
s518,Movie,"Maggie Simpson in ""The Longest Daycare""",2012
s519,Movie,Mickey and the Seal,1948
s520,TV Show,The Evermoor Chronicles,2015
s521,Movie,The Moon-Spinners,1964
s522,TV Show,Doc McStuffins,2011
s523,Movie,Fantastic Mr. Fox,2009
s524,Movie,"Hello, Dolly!",1969
s525,TV Show,Marvel's Future Avengers,2017
s526,Movie,Out,2020
s527,TV Show,The Big Fib,2019
s528,Movie,The Boys: The Sherman Brothers' Story,2009
s529,TV Show,It's a Dog's Life with Bill Farmer,2020
s530,Movie,Maleficent: Mistress of Evil,2019
s531,Movie,Star Wars: The Rise of Skywalker (Episode IX),2019
s532,Movie,John Carter,2012
s533,TV Show,Awesome Animals,2017
s534,TV Show,Birth of Europe,2014
s535,Movie,Bride of Boogedy,1987
s536,TV Show,Buried Secrets Of The Bible With Albert Lin,2019
s537,TV Show,Disney Prop Culture,2020
s538,Movie,George of the Jungle,1997
s539,Movie,Homeward Bound II: Lost in San Francisco,1996
s540,Movie,Homeward Bound: The Incredible Journey,1993
s541,Movie,How to Play Baseball,1942
s542,Movie,In Beaver Valley,1950
s543,TV Show,Lost Treasures Of Egypt,2018
s544,TV Show,Love & Vets,2017
s545,Movie,Nature's Half Acre,1951
s546,TV Show,Prairie Dog Manor,2019
s547,Movie,Prowlers of the Everglades,1953
s548,Movie,The Princess Bride,1987
s549,TV Show,United States Of Animals,2015
s550,TV Show,Unlikely Animal Friends,2012
s551,Movie,Water Birds,1952
s552,Movie,National Treasure,2004
s553,Movie,Born Wild: The Next Generation,2020
s554,TV Show,America's Funniest Home Videos,1989
s555,Movie,The Olympic Elk,1952
s556,TV Show,Tangled: The Series,2016
s557,Movie,Jane Goodall: The Hope,2020
s558,TV Show,Brain Games,2011
s559,TV Show,Disney Mickey and the Roadster Racers - Chip 'N' Dale's Nutty Tales (Shorts),2017
s560,Movie,Let's Stick Together,1952
s561,Movie,Pluto's Purchase,1948
s562,TV Show,Tron Uprising,2011
s563,Movie,A Celebration of the Music from Coco,2020
s564,TV Show,Disney Playtime with Puppy Dog Pals (Shorts),2017
s565,Movie,"Maggie Simpson in ""Playdate with Destiny""",2020
s566,TV Show,Paradise Islands,2017
s567,TV Show,Tut's Treasures: Hidden Secrets,2018
s568,Movie,A Tale of Two Critters,1977
s569,Movie,All in a Nutshell,1949
s570,Movie,Disneynature Penguins,2019
s571,Movie,Diving with Dolphins,2020
s572,Movie,Dolphin Reef,2018
s573,Movie,Don's Fountain of Youth,1953
s574,Movie,Donald's Dog Laundry,1940
s575,Movie,Double Dribble,1946
s576,Movie,Dragon Around,1954
s577,Movie,Elephant,2020
s578,Movie,Elmer Elephant,1936
s579,TV Show,Fish Hooks,2010
s580,Movie,How To Play Football,1944
s581,Movie,In the Footsteps of Elephant,2020
s582,Movie,"Lambert, The Sheepish Lion",1952
s583,Movie,On Ice,1935
s584,Movie,Onward,2020
s585,Movie,Out of Scale,1951
s586,Movie,Penguins: Life on the Edge,2020
s587,Movie,Pluto's Party,1952
s588,Movie,Sea Scouts,1939
s589,TV Show,Sonny With A Chance,2008
s590,Movie,The Boy Who Talked to Badgers,1975
s591,Movie,The New Neighbor,1953
s592,Movie,The Small One,1978
s593,Movie,The Straight Story,1999
s594,Movie,Frankenweenie,2012
s595,Movie,Mars Needs Moms,2011
s596,Movie,Prom,2011
s597,Movie,The Last Song,2010
s598,Movie,The Odd Life of Timothy Green,2012
s599,TV Show,Be Our Chef,2020
s600,Movie,A Wrinkle in Time,2018
s601,TV Show,Disney I Didn't Do It,2013
s602,TV Show,Disney Insider,2020
s603,TV Show,Disney Vampirina Ghoul Girls Rock! (Shorts),2017
s604,Movie,G-Force,2009
s605,Movie,Frozen 2,2019
s606,Movie,Stargirl,2020
s607,Movie,The Finest Hours,2016
s608,Movie,The Sandlot: Heading Home,2007
s609,Movie,Bedtime Stories,2008
s610,Movie,Marvel Studios' Black Panther,2018
s611,TV Show,101 Dalmatian Street,2018
s612,Movie,Disney Phineas and Ferb: Phineas and Ferb Star Wars,2014
s613,TV Show,Shop Class,2020
s614,Movie,Viking Warrior Women,2019
s615,TV Show,Star Wars Resistance,2018
s616,TV Show,Lost Cities With Albert Lin,2019
s617,Movie,Marvel Rising: Operation Shuri,2019
s618,Movie,Marvel Rising: Playing With Fire,2019
s619,TV Show,Star Wars: The Clone Wars,2008
s620,Movie,Marvel's Iron Man & Hulk: Heroes United,2013
s621,Movie,Because of Winn-Dixie,2005
s622,TV Show,Fairy Tale Weddings,2017
s623,Movie,"My Dog, the Thief",1969
s624,Movie,Splash,1984
s625,TV Show,That's So Raven,2002
s626,Movie,Timmy Failure: Mistakes Were Made,2020
s627,Movie,Toy Story 4,2019
s628,Movie,Descendants 3,2019
s629,Movie,Around the World in 80 Days,2004
s630,Movie,Big Business,1988
s631,Movie,Lamp Life,2020
s632,Movie,The Lion King,2019
s633,TV Show,Diary of a Future President,2020
s634,TV Show,High School Musical: The Musical: The Series: The Sing-Along,2019
s635,TV Show,America's National Parks,2015
s636,TV Show,Continent 7: Antarctica,2016
s637,TV Show,Disney Randy Cunningham: 9th Grade Ninja,2011
s638,TV Show,Muppet Babies Show and Tell (Shorts),2017
s639,TV Show,The Lodge,2016
s640,TV Show,Wild Russia,2018
s641,Movie,Destino,2003
s642,Movie,Forky Asks a Question: What is Reading?,2020
s643,Movie,Loop,2020
s644,TV Show,Marvel's Runaways,2017
s645,Movie,Aladdin (2019),2019
s646,Movie,Forky Asks a Question: What is Cheese?,2020
s647,TV Show,Austin & Ally,2011
s648,TV Show,Billy Dilley's Super-Duper Subterranean Summer,2016
s649,Movie,Cars Toon: El Materdor,2008
s650,Movie,Cars Toon: Moon Mater,2010
s651,Movie,Cars Toon: Rescue Squad Mater,2010
s652,Movie,Cars Toon: Spinning,2013
s653,Movie,Cars Toon: Time Travel Mater,2012
s654,Movie,Cars Toon: Tokyo Mater,2008
s655,Movie,Cars Toon: Unidentified Flying Mater,2010
s656,Movie,Cars Toons: Bugged,2013
s657,Movie,Cool Runnings,1993
s658,Movie,Drain Alcatraz,2017
s659,Movie,Drain The Bermuda Triangle,2014
s660,Movie,Drain The Great Lakes,2011
s661,Movie,Drain The Ocean: WWII,2016
s662,Movie,Drain The Sunken Pirate City,2017
s663,Movie,Drain The Titanic,2015
s664,TV Show,First Class Chefs: Family Style,2015
s665,Movie,Hacksaw,1971
s666,Movie,Holes,2003
s667,Movie,Marvel 75 Years: From Pulp to Pop!,2014
s668,Movie,Marvel Rising: Battle of The Bands,2019
s669,TV Show,One Strange Rock,2017
s670,TV Show,Out There with Jack Randall,2019
s671,Movie,Super Rhino,2009
s672,TV Show,The Proud Family,2001
s673,TV Show,The Super Hero Squad,2009
s674,TV Show,Year Million,2016
s675,Movie,Forky Asks a Question: What is a Pet?,2019
s676,Movie,Star Wars: The Last Jedi (Episode VIII),2017
s677,Movie,Forky Asks a Question: What is a Leader?,2019
s678,Movie,George of the Jungle 2,2003
s679,Movie,High School Musical: The Musical: The Series: The Special,2019
s680,TV Show,Pick of the Litter,2019
s681,Movie,Togo,2019
s682,Movie,Forky Asks a Question: What is a Computer?,2019
s683,Movie,Wind,2019
s684,Movie,Forky Asks a Question: What is Love?,2019
s685,TV Show,One Day at Disney (Shorts),2019
s686,Movie,Marvel Studios' Thor: Ragnarok,2017
s687,TV Show,Disney The Lion Guard,2015
s688,Movie,One Day at Disney,2019
s689,TV Show,Disney Star vs. the Forces of Evil,2014
s690,Movie,Expedition Amelia,2019
s691,Movie,Glory Road,2006
s692,TV Show,Henry Hugglemonster,2012
s693,Movie,Incredible! The Story of Dr. Pol,2015
s694,Movie,Marvel Rising: Chasing Ghosts,2019
s695,Movie,Marvel Rising: Heart of Iron,2019
s696,TV Show,Miles From Tomorrowland,2014
s697,TV Show,Sheriff Callie's Wild West,2011
s698,TV Show,Supercar Megabuild,2016
s699,Movie,The Incredible Dr. Pol: Blue Ribbon Kids,2016
s700,Movie,Coco,2017
s701,Movie,Coco (in Spanish),2017
s702,Movie,Forky Asks a Question: What is Time?,2019
s703,Movie,The Wonderful World of Disney Presents The Little Mermaid Live!,2019
s704,Movie,Forky Asks a Question: What is Art?,2019
s705,TV Show,Mickey Mouse Roadster Racers,2017
s706,Movie,"Happy Birthday, Mickey!",2019
s707,Movie,Forky Asks a Question: What is a Friend?,2019
s708,Movie,10 Things I Hate About You,1999
s709,Movie,101 Dalmatians,1961
s710,Movie,101 Dalmatians II: Patch's London Adventure,2003
s711,Movie,102 Dalmatians,2000
s712,Movie,12 Dates of Christmas,2011
s713,Movie,"20,000 Leagues Under the Sea",1954
s714,Movie,A Bug's Life,1998
s715,Movie,A Goofy Movie,1995
s716,Movie,A Kid in King Arthur's Court,1995
s717,Movie,A Knight for a Day,1946
s718,Movie,A Ring of Endless Light,2002
s719,Movie,Aladdin (1992),1992
s720,Movie,Aladdin and the King of Thieves,1996
s721,Movie,Aladdin: The Return of Jafar,1994
s722,Movie,Alice in Wonderland,1951
s723,Movie,Aliens of the Deep,2005
s724,Movie,Alley Cats Strike!,2000
s725,Movie,Almost Angels,1962
s726,Movie,America's Heart & Soul,2004
s727,Movie,Amy,1981
s728,Movie,An Extremely Goofy Movie,2000
s729,TV Show,Andi Mack,2016
s730,Movie,Annie,1999
s731,Movie,Apollo: Missions To The Moon,2019
s732,Movie,Atlantis Rising,2017
s733,Movie,Atlantis: Milo's Return,2003
s734,Movie,Atlantis: The Lost Empire,2001
s735,Movie,Auntie Edna,2018
s736,Movie,Avatar,2009
s737,Movie,Babes in the Woods,1932
s738,Movie,Babes in Toyland,1961
s739,Movie,Bambi,1942
s740,Movie,Bambi II,2006
s741,Movie,Bao,2018
s742,Movie,Beach Picnic,1939
s743,Movie,Bearly Asleep,1955
s744,Movie,Beauty and the Beast: Belle's Magical World,1998
s745,Movie,Beauty and the Beast: The Enchanted Christmas,1997
s746,Movie,Beezy Bear,1955
s747,Movie,Before the Flood,2016
s748,Movie,Benji the Hunted,1987
s749,TV Show,Best Friends Whenever,2015
s750,TV Show,Big City Greens (Shorts),2017
s751,Movie,Big Hero 6,2014
s752,TV Show,Big Hero 6 The Series (Shorts),2017
s753,Movie,Bizarre Dinosaurs,2009
s754,Movie,Blank Check,1994
s755,Movie,Boat Builders,1938
s756,Movie,Bolt,2008
s757,Movie,Bone Bandit,1948
s758,TV Show,Bonkers,1993
s759,Movie,Boundin',2004
s760,TV Show,Boy Meets World,1993
s761,Movie,Brave,2012
s762,Movie,Brave Little Toaster to the Rescue,1999
s763,Movie,Breaking2,2017
s764,Movie,Brink!,1998
s765,Movie,Brother Bear,2003
s766,Movie,Brother Bear 2,2006
s767,Movie,Buffalo Dreams,2005
s768,TV Show,Bug Juice: My Adventures at Camp,2017
s769,Movie,BURN-E,2008
s770,Movie,Cadet Kelly,2002
s771,Movie,Camp Nowhere,1994
s772,Movie,Camp Rock,2008
s773,Movie,Camp Rock 2: The Final Jam,2010
s774,Movie,Can of Worms,1999
s775,Movie,Candleshoe,1978
s776,Movie,Canine Caddy,1941
s777,Movie,Cars,2006
s778,Movie,Cars 2,2011
s779,Movie,Cars 3,2017
s780,Movie,Cars Toon: Air Mater,2011
s781,Movie,Cars Toon: Heavy Metal Mater,2010
s782,Movie,Cars Toon: Hiccups,2013
s783,Movie,Cars Toon: Mater Private Eye,2010
s784,Movie,Cars Toon: Mater the Greater,2008
s785,Movie,Cars Toon: Monster Truck Mater,2010
s786,Movie,Cars Toon: The Radiator Springs 500 1/2,2014
s787,Movie,Casebusters,1986
s788,Movie,Cheetah,1989
s789,Movie,Chef Donald,1941
s790,Movie,Chicken Little,2005
s791,TV Show,Chip 'n Dale's Rescue Rangers,1989
s792,Movie,Chip an' Dale,1947
s793,Movie,Cinderella,1950
s794,Movie,Cinderella II: Dreams Come True,2002
s795,Movie,Cinderella III: A Twist in Time,2007
s796,Movie,Clock Cleaners,1937
s797,Movie,Cloud 9,2014
s798,Movie,College Road Trip,2008
s799,Movie,Confessions of a Teenage Drama Queen,2004
s800,TV Show,Coop & Cami Ask The World (Shorts),2018
s801,Movie,Corn Chips,1951
s802,Movie,Cow Belles,2006
s803,TV Show,Crash & Bernstein,2012
s804,Movie,Dadnapped,2009
s805,Movie,Darby O'Gill and the Little People,1959
s806,TV Show,Darkwing Duck,1991
s807,Movie,Davy Crockett and the River Pirates,1956
s808,Movie,"Davy Crockett, King of the Wild Frontier",1955
s809,Movie,Day & Night,2010
s810,Movie,Decorating Disney: Holiday Magic,2017
s811,Movie,Deep Blue,2005
s812,Movie,Descendants 2,2017
s813,Movie,Diary Of A Wimpy Kid,2010
s814,Movie,Dinosaur,2000
s815,Movie,Disney Adventures in Babysitting,2016
s816,Movie,Disney Avalon High,2010
s817,Movie,Disney Bad Hair Day,2015
s818,TV Show,Disney Bizaardvark,2015
s819,Movie,Disney Den Brother,2010
s820,Movie,Disney Descendants,2015
s821,TV Show,Disney Descendants Wicked World (Shorts),2015
s822,TV Show,Disney DuckTales (Shorts),2016
s823,TV Show,Disney Evermoor,2017
s824,TV Show,Disney Family Sundays,2019
s825,TV Show,Disney Fast Layne,2018
s826,Movie,Disney Girl vs. Monster,2012
s827,TV Show,Disney Gravity Falls,2011
s828,TV Show,Disney Gravity Falls (Shorts),2012
s829,TV Show,Disney Jake and the Never Land Pirates,2010
s830,TV Show,Disney JONAS,2008
s831,TV Show,Disney Junior Music Nursery Rhymes,2017
s832,TV Show,Disney K.C. Undercover,2014
s833,TV Show,Disney Lab Rats: Elite Force,2015
s834,TV Show,Disney Legend of the Three Caballeros,2017
s835,TV Show,Disney Mickey Mouse Clubhouse,2005
s836,TV Show,Disney Milo Murphy's Law,2016
s837,TV Show,Disney Minnie's Bow-Toons (Shorts),2011
s838,TV Show,Disney Stuck In The Middle,2015
s839,TV Show,Disney Take Two With Phineas And Ferb (Shorts),2010
s840,TV Show,Disney Tangled: The Series - Short Cuts,2016
s841,Movie,Disney Under The Sea: A Descendants Short Story,2018
s842,TV Show,Disney's Adventures Of The Gummi Bears,1985
s843,TV Show,Disney's Doug,1996
s844,Movie,Disney's Fairy Tale Weddings,2017
s845,Movie,Disney's Fairy Tale Weddings: Holiday Magic,2017
s846,TV Show,Disney's Hercules: The Animated Series,1998
s847,TV Show,Disney's Kim Possible,2001
s848,TV Show,Disney's Little Einsteins,2005
s849,TV Show,Disney's Mighty Ducks,1996
s850,TV Show,Disney's Recess,1997
s851,TV Show,Disney's The Emperor's New School,2005
s852,Movie,Disney's The Kid,2000
s853,TV Show,Disney's The Little Mermaid (Series),1992
s854,Movie,Disneyland Around the Seasons (Walt Disney's Wonderful World of Color: 1961-69),1966
s855,Movie,Disneynature African Cats,2011
s856,Movie,Disneynature Bears,2014
s857,Movie,Disneynature Born in China,2017
s858,Movie,Disneynature Chimpanzee,2012
s859,Movie,Disneynature Crimson Wing,2008
s860,Movie,Disneynature Monkey Kingdom,2015
s861,Movie,Disneynature Wings of Life,2011
s862,TV Show,Dog Whisperer with Cesar Millan,2004
s863,Movie,Don't Look Under the Bed,1999
s864,Movie,Donald's Golf Game,1938
s865,Movie,Donald's Tire Trouble,1943
s866,Movie,Double Teamed,2002
s867,Movie,Doug's 1st Movie,1999
s868,TV Show,"Dr. T, Lone Star Vet",2019
s869,Movie,DuckTales The Movie: Treasure of the Lost Lamp,1990
s870,Movie,Dug's Special Mission,2009
s871,Movie,Dumbo,2019
s872,Movie,Early to Bed,1941
s873,Movie,Earth Live,2017
s874,Movie,Easter Island Unsolved,2018
s875,Movie,Eddie's Million Dollar Cook-off,2003
s876,Movie,Eight Below,2006
s877,TV Show,Elena of Avalor (Shorts),2017
s878,Movie,Emil and the Detectives,1964
s879,Movie,Empire of Dreams: The Story of the Star Wars Trilogy,2004
s880,TV Show,Encore!,2019
s881,Movie,Escape to Witch Mountain,1975
s882,TV Show,Even Stevens,2000
s883,Movie,Expedition Mars: Spirit & Opportunity,2019
s884,Movie,Fantasia,1940
s885,Movie,Fantasia 2000,2000
s886,TV Show,Fantastic Four (Series),1994
s887,TV Show,Fantastic Four: World's Greatest Heroes,2007
s888,Movie,Ferdinand the Bull,1938
s889,Movie,Finding Dory,2016
s890,Movie,Finding Nemo,2003
s891,Movie,First Kid,1996
s892,Movie,Flight of the Navigator,1986
s893,Movie,Float,2019
s894,Movie,Flowers and Trees,1932
s895,Movie,Flubber,1997
s896,Movie,Food for Feudin',1950
s897,Movie,For the Birds,2001
s898,Movie,Forky Asks a Question: What is Money?,2019
s899,Movie,Frank and Ollie,1995
s900,Movie,Frankenweenie (Short),1984
s901,Movie,Freaky Friday,2003
s902,Movie,Free Solo,2018
s903,Movie,Frenemies,2012
s904,Movie,Frozen,2013
s905,Movie,Full-Court Miracle,2003
s906,Movie,Fun and Fancy Free,1947
s907,Movie,Fuzzbucket,1986
s908,TV Show,Gargoyles,1994
s909,Movie,Geek Charming,2011
s910,Movie,Genius,1999
s911,Movie,George & A.J.,2009
s912,Movie,Geri's Game,1997
s913,Movie,Get a Clue,2002
s914,Movie,Giants of the Deep Blue,2018
s915,TV Show,Girl Meets World,2013
s916,Movie,Go Figure,2005
s917,Movie,Going to the Mat,2004
s918,TV Show,Good Luck Charlie,2009
s919,Movie,"Good Luck Charlie, It's Christmas!",2011
s920,TV Show,Goof Troop,1992
s921,Movie,Gotta Kick it Up,2002
s922,Movie,Grand Canyonscope,1954
s923,Movie,Grasshopper and the Ants,1934
s924,TV Show,Great Migrations,2010
s925,Movie,Greyfriars Bobby,1961
s926,Movie,Gus,1976
s927,Movie,Halloweentown,1998
s928,Movie,Halloweentown High,2004
s929,Movie,Halloweentown II: Kalabar's Revenge,2001
s930,TV Show,Handy Manny,2006
s931,TV Show,Hannah Montana,2005
s932,Movie,Hannah Montana and Miley Cyrus: Best of Both Worlds Concert,2008
s933,Movie,Hannah Montana The Movie,2009
s934,Movie,Hatching Pete,2009
s935,Movie,Hawaiian Holiday,1937
s936,Movie,Heavyweights,1995
s937,Movie,Herbie Goes Bananas,1980
s938,Movie,Herbie Goes to Monte Carlo,1977
s939,Movie,Herbie Rides Again,1974
s940,Movie,Hercules,1997
s941,Movie,High School Musical,2006
s942,Movie,High School Musical 2,2007
s943,Movie,High School Musical 3: Senior Year,2008
s944,TV Show,High School Musical: The Musical: The Series,2019
s945,Movie,Hocus Pocus,1993
s946,Movie,Home on the Range,2004
s947,Movie,"Honey, I Blew Up the Kid",1992
s948,Movie,"Honey, I Shrunk the Kids",1989
s949,Movie,"Honey, We Shrunk Ourselves",1997
s950,Movie,Horse Sense,1999
s951,TV Show,Hostile Planet,2019
s952,Movie,Hounded,2001
s953,Movie,How Dogs Got Their Shapes,2016
s954,Movie,How to Build a Better Boy,2014
s955,Movie,How to Fish,1942
s956,Movie,How to Swim,1942
s957,TV Show,Hulk and the Agents of S.M.A.S.H.,2012
s958,Movie,I'll Be Home for Christmas,1998
s959,Movie,Ice Age: The Great Egg-Scapade,2016
s960,Movie,Ice Princess,2005
s961,Movie,Inner Workings,2016
s962,Movie,Inside Out,2015
s963,Movie,Inspector Gadget,1999
s964,Movie,Inspector Gadget 2,2003
s965,Movie,Into the Grand Canyon,2019
s966,Movie,Into the Okavango,2018
s967,Movie,Invincible,2006
s968,Movie,Invisible Sister,2015
s969,TV Show,Iron Man (Series),1994
s970,TV Show,Iron Man Armored Adventures,2008
s971,Movie,Iron Will,1994
s972,Movie,Jack,1996
s973,Movie,Jack-Jack Attack,2005
s974,Movie,James and the Giant Peach,1996
s975,Movie,Jane,2017
s976,TV Show,Jessie,2011
s977,Movie,Jingle Pols,2013
s978,Movie,Johnny Kapahala: Back on Board,2007
s979,Movie,Johnny Tsunami,1999
s980,Movie,Jonas Brothers: The Concert Experience,2009
s981,Movie,Journey to Shark Eden,2010
s982,Movie,Journey to the Center of the Earth,1959
s983,Movie,Jump In!,2007
s984,Movie,Jumping Ship,2001
s985,Movie,Jungle 2 Jungle,1997
s986,Movie,Jungle Cat,1960
s987,Movie,Kazaam,1996
s988,TV Show,Kickin' It,2010
s989,Movie,Kim Possible,2019
s990,Movie,Kim Possible Movie: So the Drama,2005
s991,Movie,Kingdom of the Apes: Battle Lines,2017
s992,Movie,Kingdom of the Blue Whale,2009
s993,TV Show,Kingdom of the White Wolf,2019
s994,Movie,Kitbull,2019
s995,Movie,Knick Knack Theatrical Short,2003
s996,Movie,Kronk's New Groove,2005
s997,Movie,La Luna,2012
s998,TV Show,Lab Rats,2011
s999,Movie,Lady and the Tramp,2019
s1000,Movie,Lava,2015
s1001,TV Show,LEGO Disney Frozen: Northern Lights (Shorts),2016
s1002,TV Show,LEGO Star Wars: All Stars,2018
s1003,TV Show,LEGO Star Wars: All Stars (Shorts),2018
s1004,TV Show,LEGO Star Wars: Droid Tales,2014
s1005,TV Show,LEGO Star Wars: Resistance Rises (Shorts),2015
s1006,TV Show,LEGO Star Wars: The Freemaker Adventures,2015
s1007,TV Show,LEGO Star Wars: The Freemaker Adventures (Shorts),2016
s1008,Movie,LEGO Star Wars: The New Yoda Chronicles - Clash of the Skywalkers,2014
s1009,Movie,LEGO Star Wars: The New Yoda Chronicles - Raid on Coruscant,2014
s1010,Movie,LEGO Star Wars: The New Yoda Chronicles – Duel of the Skywalkers,2014
s1011,Movie,LEGO Star Wars: The New Yoda Chronicles – Escape from the Jedi Temple,2014
s1012,Movie,LEGO Star Wars: The New Yoda Chronicles – Race for the Holocrons,2014
s1013,Movie,Lemonade Mouth,2011
s1014,Movie,Lend a Paw,1941
s1015,Movie,Leroy & Stitch,2006
s1016,Movie,Let it Shine,2012
s1017,Movie,Life is Ruff,2005
s1018,Movie,Life With Mikey,1993
s1019,Movie,Life-Size 2,2018
s1020,Movie,Lifted,2006
s1021,Movie,Lilo & Stitch,2002
s1022,Movie,Lilo & Stitch 2: Stitch Has a Glitch,2005
s1023,TV Show,Lizzie McGuire,2000
s1024,Movie,Lonesome Ghosts,1937
s1025,TV Show,Lost Treasures of the Maya,2018
s1026,Movie,Lou,2017
s1027,Movie,Luck of the Irish,2001
s1028,Movie,Luxo Jr.,1986
s1029,Movie,Magician Mickey,1937
s1030,Movie,Mail Dog,1947
s1031,Movie,Man Among Cheetahs,2017
s1032,Movie,Mars: Inside SpaceX,2018
s1033,TV Show,Marvel Comics X-Men,1992
s1034,TV Show,Marvel Rising: Initiation (Shorts),2017
s1035,Movie,Marvel Rising: Secret Warriors,2018
s1036,Movie,Marvel Studios: Assembling A Universe,2014
s1037,Movie,Marvel Studios: Expanding the Universe,2019
s1038,Movie,Marvel Studios' Ant-Man,2015
s1039,Movie,Marvel Studios' Avengers: Age of Ultron,2015
s1040,Movie,Marvel Studios' Avengers: Endgame,2019
s1041,Movie,Marvel Studios' Captain America: Civil War,2016
s1042,Movie,Marvel Studios' Captain America: The First Avenger,2011
s1043,Movie,Marvel Studios' Captain America: The Winter Soldier,2014
s1044,Movie,Marvel Studios' Captain Marvel,2019
s1045,Movie,Marvel Studios' Doctor Strange,2016
s1046,Movie,Marvel Studios' Guardians of the Galaxy,2014
s1047,Movie,Marvel Studios' Guardians of the Galaxy Vol. 2,2017
s1048,Movie,Marvel Studios' Iron Man,2008
s1049,Movie,Marvel Studios' Iron Man 2,2010
s1050,Movie,Marvel Studios' Iron Man 3,2013
s1051,Movie,Marvel Studios' The Avengers,2012
s1052,Movie,Marvel Studios' Thor,2011
s1053,Movie,Marvel Studios' Thor: The Dark World,2013
s1054,TV Show,Marvel Ultimate Spider-Man,2011
s1055,TV Show,Marvel's Agent Carter,2014
s1056,TV Show,Marvel's Ant-Man (Shorts),2016
s1057,TV Show,Marvel's Avengers Assemble,2012
s1058,TV Show,Marvel's Avengers: Secret Wars (Shorts),2016
s1059,TV Show,Marvel's Guardians of the Galaxy (Series),2015
s1060,TV Show,Marvel's Guardians of the Galaxy (Shorts),2014
s1061,TV Show,Marvel's Hero Project,2019
s1062,TV Show,Marvel's Inhumans,2017
s1063,TV Show,Marvel's Rocket & Groot (Shorts),2016
s1064,TV Show,Marvel's Ultimate Comics,2016
s1065,Movie,Mary Poppins,1964
s1066,Movie,Mater and the Ghostlight,2006
s1067,Movie,Meet the Deedles,1998
s1068,Movie,Meet the Robinsons,2007
s1069,Movie,Melody Time,1948
s1070,Movie,Mickey Down Under,1948
s1071,TV Show,Mickey Mouse (Shorts),2012
s1072,TV Show,Mickey Mouse Club (1955-59),1955
s1073,Movie,"Mickey, Donald, Goofy: The Three Musketeers",2004
s1074,Movie,Mickey's Birthday Party,1942
s1075,Movie,Mickey's Christmas Carol,1983
s1076,Movie,Mickey's Delayed Date,1947
s1077,Movie,Mickey's Once Upon a Christmas,1999
s1078,Movie,Mickey's Rival,1936
s1079,Movie,Mickey's Trailer,1938
s1080,Movie,Mickey's Twice Upon a Christmas,2004
s1081,Movie,Mighty Joe Young,1998
s1082,Movie,Mike's New Car,2002
s1083,Movie,Minutemen,2008
s1084,Movie,Miracle,2004
s1085,Movie,Miracle at Midnight,1998
s1086,Movie,Miracle in Lane 2,2000
s1087,Movie,Miracle Landing on the Hudson,2014
s1088,Movie,Mission to the Sun,2018
s1089,Movie,Moana,2016
s1090,Movie,Mom's Got a Date With a Vampire,2000
s1091,Movie,Monsters University,2013
s1092,Movie,"Monsters, Inc.",2001
s1093,Movie,Motocrossed,2001
s1094,Movie,Mr. Boogedy,1986
s1095,Movie,Mr. Duck Steps Out,1940
s1096,Movie,Mr. Mouse Takes a Trip,1940
s1097,Movie,Mulan II,2005
s1098,TV Show,Muppet Moments (Shorts),2014
s1099,Movie,Muppet Treasure Island,1996
s1100,Movie,Muppets Most Wanted,2014
s1101,Movie,My Favorite Martian,1999
s1102,TV Show,My Friends Tigger & Pooh,2006
s1103,Movie,National Treasure: Book of Secrets,2007
s1104,Movie,Newsies,1992
s1105,Movie,Newsies: The Broadway Musical,2017
s1106,Movie,Noelle,2019
s1107,Movie,Now You See It,2005
s1108,Movie,Olaf's Frozen Adventure,2017
s1109,Movie,Old Yeller,1957
s1110,Movie,Oliver & Company,1988
s1111,Movie,Once Upon a Mattress,2005
s1112,Movie,One Magic Christmas,1985
s1113,Movie,One Man Band,2006
s1114,Movie,Operation Dumbo Drop,1995
s1115,TV Show,Origins: The Journey of Humankind,2016
s1116,TV Show,Out of the Box,1998
s1117,Movie,Paris To Pittsburgh,2018
s1118,Movie,Partly Cloudy,2009
s1119,Movie,Party Central,2014
s1120,Movie,Perri,1957
s1121,Movie,Pete's Dragon,2016
s1122,Movie,Peter Pan,1953
s1123,Movie,Peter Pan: Return to Never Land,2002
s1124,Movie,Phantom of the Megaplex,2000
s1125,TV Show,Phil of the Future,2003
s1126,TV Show,Phineas and Ferb,2007
s1127,Movie,Phineas and Ferb the Movie: Across the 2nd Dimension,2011
s1128,Movie,Phineas and Ferb: Mission Marvel,2013
s1129,Movie,Piglet's Big Movie,2003
s1130,Movie,Pinocchio,1940
s1131,Movie,Piper,2016
s1132,Movie,Pirates of the Caribbean: At World's End,2007
s1133,Movie,Pirates of the Caribbean: Dead Man's Chest,2006
s1134,Movie,Pirates of the Caribbean: The Curse of the Black Pearl,2003
s1135,TV Show,Pixar In Real Life,2019
s1136,Movie,Pixel Perfect,2004
s1137,Movie,Planet of the Birds,2018
s1138,Movie,Pluto and the Gopher,1950
s1139,Movie,Pluto's Christmas Tree,1952
s1140,Movie,Pluto's Surprise Package,1949
s1141,Movie,Pluto's Sweater,1949
s1142,Movie,Pocahontas,1995
s1143,Movie,Pocahontas II: Journey to a New World,1998
s1144,Movie,Pollyanna,1960
s1145,Movie,Pooh's Grand Adventure: The Search for Christopher Robin,1997
s1146,Movie,Pooh's Heffalump Movie,2005
s1147,Movie,Presto,2008
s1148,Movie,Princess Protection Program,2009
s1149,Movie,Purl,2019
s1150,TV Show,Quack Pack,1996
s1151,Movie,Queen of Katwe,2016
s1152,Movie,Quints,2000
s1153,Movie,Ratatouille,2007
s1154,Movie,Read It and Weep,2006
s1155,Movie,Ready to Run,2000
s1156,Movie,Recess: All Growed Down,2003
s1157,Movie,Recess: School's Out,2001
s1158,Movie,Recess: Taking the 5th Grade,2003
s1159,Movie,Red's Dream,1987
s1160,Movie,Remember the Titans,2000
s1161,Movie,Rescue Dog,1947
s1162,Movie,Return from Witch Mountain,1978
s1163,Movie,Return to Halloweentown,2006
s1164,Movie,Return to Oz,1985
s1165,Movie,Richie Rich's Christmas Wish,1998
s1166,Movie,Right on Track,2003
s1167,Movie,Riley’s First Date?,2015
s1168,Movie,Rip Girls,2000
s1169,Movie,Robin Hood,1973
s1170,TV Show,Rocky Mountain Animal Rescue,2018
s1171,Movie,Rogue One: A Star Wars Story,2016
s1172,Movie,Roving Mars,2006
s1173,Movie,Ruby Bridges,1998
s1174,Movie,Sacred Planet,2004
s1175,Movie,Saludos Amigos,1943
s1176,Movie,"Sammy, The Way-Out Seal",1962
s1177,Movie,Sanjay's Super Team,2015
s1178,Movie,Santa Paws 2: The Santa Pups,2012
s1179,Movie,Santa's Workshop,1932
s1180,Movie,Saving Mr. Banks,2013
s1181,Movie,Science Fair,2018
s1182,Movie,Sea of Hope: America's Underwater Treasures,2017
s1183,Movie,Secret of The Wings,2012
s1184,Movie,Secretariat,2010
s1185,Movie,Secrets of Christ's Tomb: Explorer Special,2017
s1186,Movie,Secrets of Life,1956
s1187,Movie,Secrets of the King Cobra,2012
s1188,TV Show,Shake It Up,2010
s1189,Movie,Sharks of Lost Island,2013
s1190,Movie,Sharpay's Fabulous Adventure,2011
s1191,Movie,Shipwrecked,1991
s1192,TV Show,Silver Surfer,1997
s1193,Movie,Simpsons Movie,2007
s1194,Movie,Sister Act,1992
s1195,Movie,Sister Act 2: Back in the Habit,1993
s1196,Movie,Skyrunners,2009
s1197,Movie,Sleeping Beauty,1959
s1198,Movie,Smart House,1999
s1199,Movie,Smash and Grab,2019
s1200,Movie,Snow White and The Seven Dwarfs,1937
s1201,Movie,Snowball Express,1972
s1202,Movie,Snowglobe,2007
s1203,TV Show,So Weird,1999
s1204,Movie,Society Dog Show,1939
s1205,TV Show,Spider-Man (Shorts),2016
s1206,TV Show,Spider-Man and His Amazing Friends,1982
s1207,TV Show,Spider-Man Unlimited,1999
s1208,TV Show,Spider-Woman,1979
s1209,TV Show,Star Wars Forces of Destiny (Shorts),2016
s1210,TV Show,Star Wars Rebels,2014
s1211,TV Show,Star Wars Rebels (Shorts),2014
s1212,Movie,Star Wars: A New Hope (Episode IV),1977
s1213,Movie,Star Wars: Attack of the Clones (Episode II),2002
s1214,TV Show,Star Wars: Blips,2019
s1215,Movie,Star Wars: Return of the Jedi (Episode VI),1983
s1216,Movie,Star Wars: Revenge of the Sith (Episode III),2005
s1217,Movie,Star Wars: The Empire Strikes Back (Episode V),1980
s1218,Movie,Star Wars: The Force Awakens (Episode VII),2015
s1219,Movie,Star Wars: The Phantom Menace (Episode I),1999
s1220,Movie,Starstruck,2010
s1221,Movie,Steamboat Willie,1928
s1222,Movie,Stepsister from Planet Weird,2000
s1223,Movie,Stitch! The Movie,2003
s1224,Movie,Stonehenge Decoded: Secrets Revealed,2008
s1225,Movie,Stuck in the Suburbs,2004
s1226,Movie,Sultan and the Rock Star,1980
s1227,Movie,Super Buddies,2013
s1228,Movie,Swiss Family Robinson,1940
s1229,TV Show,TaleSpin,1990
s1230,Movie,Tall Tale,1995
s1231,Movie,Tangled,2010
s1232,Movie,Tangled Before Ever After,2017
s1233,Movie,Tarzan & Jane,2002
s1234,Movie,Teacher's Pet,2004
s1235,Movie,Teen Beach 2,2015
s1236,Movie,Teen Beach Movie,2013
s1237,Movie,Teen Spirit,2011
s1238,Movie,That Darn Cat,1997
s1239,Movie,That Darn Cat!,1965
s1240,Movie,The Absent-Minded Professor,1961
s1241,Movie,The Adventures of André & Wally B.,1984
s1242,Movie,The Adventures of Bullwhip Griffin,1967
s1243,Movie,The Adventures of Huck Finn,1993
s1244,Movie,The Adventures of Ichabod and Mr. Toad,1949
s1245,TV Show,The Adventures of Spin and Marty,1955
s1246,Movie,The African Lion,1955
s1247,Movie,The Apple Dumpling Gang,1975
s1248,Movie,The Apple Dumpling Gang Rides Again,1979
s1249,Movie,The Aristocats,1970
s1250,Movie,The Art of Skiing,1941
s1251,TV Show,The Avengers: Earth's Mightiest Heroes,2010
s1252,TV Show,The Avengers: United They Stand,1999
s1253,Movie,The Band Concert,1935
s1254,Movie,The Bears and I,1974
s1255,Movie,The Big Bad Wolf,1934
s1256,Movie,The Biscuit Eater,1972
s1257,Movie,The Black Cauldron,1985
s1258,Movie,The Black Hole,1979
s1259,Movie,The Blue Umbrella,2013
s1260,TV Show,The Book of Once Upon a Time,2014
s1261,TV Show,The Book of Pooh,2000
s1262,Movie,The Brave Little Toaster Goes to Mars,1998
s1263,Movie,The Castaway Cowboy,1974
s1264,Movie,The Cheetah Girls,2003
s1265,Movie,The Cheetah Girls 2,2006
s1266,Movie,The Cheetah Girls: One World,2008
s1267,Movie,The Christmas Star,1986
s1268,Movie,The Chronicles of Narnia: Prince Caspian,2008
s1269,Movie,"The Chronicles of Narnia: The Lion, the Witch and the Wardrobe",2005
s1270,Movie,The Color of Friendship,2000
s1271,Movie,The Computer Wore Tennis Shoes,1969
s1272,Movie,The Country Bears,2002
s1273,Movie,The Emperor's New Groove,2000
s1274,Movie,The Even Stevens Movie,2003
s1275,Movie,The Flood,2018
s1276,Movie,The Fox and the Hound,1981
s1277,Movie,The Fox and the Hound 2,2006
s1278,Movie,The Game Plan,2007
s1279,Movie,The Ghosts of Buxley Hall,1980
s1280,Movie,The Goddess of Spring,1934
s1281,Movie,The Golden Touch,1935
s1282,Movie,The Good Dinosaur,2015
s1283,Movie,The Great Muppet Caper,1981
s1284,Movie,The Greatest Game Ever Played,2005
s1285,Movie,The Haunted Mansion,2003
s1286,Movie,The Hockey Champ,1939
s1287,Movie,The Hunchback of Notre Dame,1996
s1288,Movie,The Hunchback of Notre Dame II,2002
s1289,TV Show,The Imagineering Story,2019
s1290,Movie,The Incredible Journey,1963
s1291,Movie,The Incredibles,2004
s1292,Movie,The Journey of Natty Gann,1985
s1293,Movie,The Jungle Book 2,2003
s1294,Movie,The Jungle Book: Mowgli's Story,1998
s1295,Movie,The Legend of Mor'du,2012
s1296,Movie,The Lion King 1 1/2,2004
s1297,Movie,The Lion King 2: Simba's Pride,1998
s1298,Movie,The Little Mermaid,1989
s1299,Movie,The Little Mermaid II:  Return to the Sea,2000
s1300,Movie,The Little Mermaid:  Ariel's Beginning,2008
s1301,Movie,The Little Whirlwind,1941
s1302,Movie,The Living Desert,1953
s1303,Movie,The Lizzie McGuire Movie,2003
s1304,Movie,The Lost Tomb of Alexander the Great,2019
s1305,Movie,The Love Bug (1969),1969
s1306,Movie,The Many Adventures of Winnie the Pooh,1977
s1307,Movie,The Million Dollar Duck,1971
s1308,Movie,The Mistle-Tones,2012
s1309,Movie,The Muppet Christmas Carol,1992
s1310,Movie,The Muppet Movie,1979
s1311,Movie,The Muppets,2011
s1312,TV Show,The Muppets (Series),2015
s1313,TV Show,The New Adventures of Winnie the Pooh,1988
s1314,Movie,The Old Mill,1937
s1315,Movie,The Olympic Champ,1942
s1316,Movie,The Parent Trap,1998
s1317,Movie,The Parent Trap (1961),1961
s1318,Movie,The Pied Piper,1933
s1319,Movie,The Plausible Impossible (Disneyland: 1954-58),1956
s1320,Movie,The Poof Point,2001
s1321,Movie,The Prince and the Pauper,1962
s1322,Movie,The Princess and the Frog,2009
s1323,Movie,The Princess Diaries,2001
s1324,Movie,The Princess Diaries 2: Royal Engagement,2004
s1325,Movie,The Proud Family Movie,2005
s1326,Movie,The Reluctant Dragon,1941
s1327,TV Show,The Replacements,2006
s1328,Movie,The Rescuers,1977
s1329,Movie,The Rescuers Down Under,1990
s1330,Movie,The Rookie,2002
s1331,Movie,The Santa Clause,1994
s1332,Movie,The Santa Clause 2,2002
s1333,Movie,The Santa Clause 3: The Escape Clause,2006
s1334,Movie,The Scream Team,2002
s1335,Movie,The Secret of the Magic Gourd,2009
s1336,Movie,The Shaggy D.A.,1976
s1337,Movie,The Shaggy Dog,1959
s1338,Movie,The Sign of Zorro,1960
s1339,Movie,The Simple Things,1953
s1340,Movie,The Sound of Music,1965
s1341,Movie,The Story of Robin Hood And His Merrie Men,1952
s1342,Movie,The Strongest Man in the World,1975
s1343,Movie,The Suite Life Movie,2011
s1344,TV Show,The Suite Life of Zack & Cody,2004
s1345,TV Show,The Suite Life On Deck,2008
s1346,Movie,The Swap,2016
s1347,Movie,The Thirteenth Year,1999
s1348,Movie,The Three Caballeros,1945
s1349,Movie,The Three Musketeers,1993
s1350,Movie,The Tigger Movie,2000
s1351,Movie,The Tortoise and the Hare,1935
s1352,Movie,The Ugly Dachshund,1966
s1353,Movie,The Ugly Duckling,1939
s1354,Movie,The Ultimate Christmas Present,2000
s1355,Movie,The Vanishing Prairie,1954
s1356,Movie,The Wild,2006
s1357,Movie,The Wise Little Hen,1934
s1358,Movie,The Wizards Return: Alex vs. Alex,2013
s1359,TV Show,The World According to Jeff Goldblum,2019
s1360,Movie,The Young Black Stallion,2003
s1361,Movie,Three Blind Mouseketeers,1936
s1362,Movie,Three Days,2001
s1363,Movie,Three Little Pigs,1933
s1364,Movie,Three Little Wolves,1936
s1365,Movie,Three Men and a Baby,1987
s1366,Movie,Three Men and a Little Lady,1990
s1367,Movie,Thru the Mirror,1936
s1368,Movie,Tiger Cruise,2004
s1369,Movie,Tim Burton’s The Nightmare Before Christmas,1993
s1370,TV Show,Timon & Pumbaa,1995
s1371,Movie,Tin Toy,1988
s1372,Movie,Tinker Bell,2008
s1373,Movie,Tinker Bell and the Great Fairy Rescue,2010
s1374,Movie,Tinker Bell and the Lost Treasure,2009
s1375,Movie,Titanic: 20 Years Later With James Cameron,2017
s1376,Movie,Toby Tortoise Returns,1936
s1377,Movie,Tom and Huck,1995
s1378,Movie,Toy Story,1995
s1379,Movie,Toy Story 2,1999
s1380,Movie,Toy Story 3,2010
s1381,Movie,Toy Story Toons: Hawaiian Vacation,2011
s1382,Movie,Toy Story Toons: Partysaurus Rex,2012
s1383,Movie,Toy Story Toons: Small Fry,2011
s1384,Movie,Trail of the Panda,2009
s1385,Movie,Trailer Horn,1950
s1386,Movie,Treasure Island,1950
s1387,Movie,Treasure of Matecumbe,1976
s1388,Movie,Treasure Planet,2002
s1389,Movie,Tree Climbing Lions,2018
s1390,Movie,Tron,1982
s1391,Movie,Tru Confessions,2002
s1392,Movie,Tuck Everlasting,2002
s1393,Movie,Tugboat Mickey,1940
s1394,Movie,Twas the Night,2001
s1395,Movie,Twitches,2005
s1396,Movie,Twitches Too,2007
s1397,Movie,Unidentified Flying Oddball,1979
s1398,Movie,Up,2009
s1399,Movie,"Up, Up and Away",2000
s1400,Movie,Valiant,2005
s1401,Movie,Waking Sleeping Beauty,2010
s1402,Movie,WALL-E,2008
s1403,Movie,Wendy Wu: Homecoming Warrior,2006
s1404,Movie,Whispers: An Elephant's Tale,2000
s1405,Movie,White Fang,1991
s1406,Movie,Who Framed Roger Rabbit,1988
s1407,TV Show,Wild Yellowstone,2015
s1408,Movie,Winged Seduction: Birds of Paradise,2012
s1409,Movie,Winnie the Pooh,2011
s1410,Movie,Winnie the Pooh: A Very Merry Pooh Year,2002
s1411,Movie,Winnie the Pooh: Springtime with Roo,2004
s1412,Movie,Winter Storage,1949
s1413,TV Show,Wizards of Waverly Place,2007
s1414,Movie,Wizards of Waverly Place: The Movie,2009
s1415,TV Show,Wolverine and The X-Men,2008
s1416,Movie,World's Greatest Dogs,2015
s1417,Movie,Wreck-It Ralph,2012
s1418,TV Show,X-Men: Evolution,2000
s1419,Movie,Ye Olden Days,1933
s1420,Movie,Yellowstone Cubs,1963
s1421,Movie,You Lucky Dog,1998
s1422,Movie,You Wish!,2003
s1423,Movie,Your Friend the Rat,2007
s1424,Movie,Z-O-M-B-I-E-S,2018
s1425,Movie,Zapped,2014
s1426,Movie,Zenon: Girl of the 21st Century,1999
s1427,Movie,Zenon: The Zequel,2001
s1428,Movie,Zenon: Z3,2004
s1429,Movie,Zootopia,2016
s1430,Movie,Bedknobs and Broomsticks,1971
s1431,Movie,Blackbeard's Ghost,1968
s1432,Movie,Brave Little Tailor,1938
s1433,Movie,Justin Morgan had a Horse,1972
s1434,Movie,Lady and the Tramp II: Scamp's Adventure,2001
s1435,TV Show,Smart Guy,1996
s1436,Movie,The Cat from Outer Space,1978
s1437,Movie,The Great Mouse Detective,1986
s1438,Movie,The Sword in the Stone,1963
s1439,Movie,Those Calloways,1965
s1440,TV Show,Disney Kirby Buckets,2014
s1441,TV Show,Disney Mech-X4,2016
s1442,TV Show,Imagination Movers,2008
s1443,Movie,Tomorrowland,2015
s1444,Movie,Aquamarine,2006
s1445,Movie,Ice Age: Dawn Of The Dinosaurs,2009
s1446,Movie,X-Men Origins: Wolverine,2009
s1447,Movie,Night at the Museum: Battle of the Smithsonian,2009
s1448,Movie,Eddie the Eagle,2016
s1449,Movie,Bend It Like Beckham,2003
s1450,Movie,Captain Sparky vs. The Flying Saucers,2012
